DATE,ACMY01,ACMY02,ACMY03,ACMY04,ACMY05,ACMY06,ACMY07,ACMY08,ACMY09,ACMY10
30/06/1961,2.896622,3.268067,3.493468,3.628774,3.712066,3.765877,3.802894,3.830017,3.850853,3.867175
31/07/1961,2.760908,3.221295,3.50211,3.676559,3.7893,3.866182,3.921782,3.964177,3.997756,4.024838
31/08/1961,2.982261,3.387344,3.63716,3.788823,3.882896,3.94387,3.985732,4.016203,4.039402,4.057426
29/09/1961,2.921893,3.316103,3.536204,3.664388,3.743451,3.795811,3.833237,3.861839,3.884693,3.903248
31/10/1961,2.875098,3.23071,3.459681,3.607929,3.707355,3.777644,3.830261,3.871643,3.905288,3.933017
30/11/1961,2.969556,3.284835,3.530645,3.688402,3.781799,3.834879,3.864286,3.880132,3.888126,3.891289
29/12/1961,3.101711,3.401561,3.639582,3.782139,3.853794,3.8819,3.885684,3.876797,3.861726,3.843798
31/01/1962,3.165178,3.559552,3.763596,3.872594,3.93323,3.969008,3.991852,4.007731,4.0195,4.028379
28/02/1962,3.056284,3.335178,3.511791,3.624826,3.700227,3.753677,3.794117,3.826418,3.853093,3.875335
30/03/1962,2.875869,3.15075,3.349681,3.490428,3.592445,3.669675,3.730857,3.781122,3.823349,3.859087
30/04/1962,2.919189,3.23533,3.41408,3.520078,3.587061,3.632833,3.666739,3.693574,3.715678,3.734077
31/05/1962,2.851302,3.132416,3.340299,3.490147,3.600561,3.685259,3.752983,3.808945,3.856129,3.896183
29/06/1962,3.043358,3.294668,3.503322,3.650266,3.750389,3.819835,3.870008,3.907937,3.937652,3.961334
31/07/1962,3.113595,3.387908,3.576951,3.705687,3.795995,3.862568,3.914296,3.956255,3.991203,4.020558
31/08/1962,2.96045,3.130065,3.338258,3.511062,3.64367,3.74531,3.825107,3.889522,3.942643,3.986919
28/09/1962,2.841642,3.063933,3.29947,3.487403,3.628867,3.735948,3.819233,3.885967,3.940682,3.986087
31/10/1962,2.819372,3.089784,3.3156,3.487357,3.617329,3.718243,3.799211,3.866035,3.922215,3.969807
30/11/1962,2.947661,3.142982,3.330223,3.481051,3.59914,3.693053,3.769775,3.833966,3.88849,3.93503
31/12/1962,3.007158,3.167923,3.306997,3.425897,3.52849,3.618171,3.697357,3.767614,3.829911,3.884825
31/01/1963,2.872495,3.14534,3.37359,3.533664,3.641678,3.715541,3.767991,3.806924,3.836908,3.860445
28/02/1963,2.80704,3.158506,3.398101,3.560752,3.674606,3.758146,3.822545,3.874272,3.916959,3.952588
29/03/1963,2.952486,3.204732,3.413054,3.568798,3.684512,3.772907,3.842957,3.900279,3.948189,3.98857
30/04/1963,2.943374,3.203335,3.420331,3.576237,3.685365,3.763385,3.821453,3.866511,3.902595,3.931933
31/05/1963,3.017559,3.268007,3.479227,3.628477,3.730089,3.80035,3.850889,3.888911,3.918564,3.942099
28/06/1963,2.999609,3.284951,3.515659,3.674707,3.780633,3.852204,3.902455,3.939375,3.967545,3.989458
31/07/1963,3.264588,3.514923,3.67851,3.778194,3.83884,3.877093,3.902771,3.921252,3.935276,3.946086
30/08/1963,3.401048,3.59398,3.725498,3.813424,3.874086,3.91847,3.953094,3.981515,4.005507,4.025829
30/09/1963,3.388992,3.57457,3.720939,3.822837,3.892742,3.942316,3.979382,4.008549,4.032296,4.051822
31/10/1963,3.479838,3.651903,3.779202,3.869885,3.936053,3.986794,4.02777,4.062168,4.091622,4.116859
29/11/1963,3.547172,3.695368,3.815679,3.893885,3.94191,3.971612,3.990898,4.004309,4.014164,4.021468
31/12/1963,3.625309,3.802897,3.912126,3.974928,4.011284,4.03353,4.048496,4.059644,4.068516,4.075604
31/01/1964,3.5169,3.749684,3.887926,3.967475,4.014251,4.0434,4.063183,4.077841,4.089361,4.098507
28/02/1964,3.585873,3.913201,4.014431,4.041187,4.052549,4.065008,4.081387,4.100738,4.12139,4.141792
31/03/1964,3.683731,4.014289,4.104157,4.124585,4.132953,4.144119,4.160044,4.179354,4.200164,4.220814
30/04/1964,3.597365,3.849085,3.983651,4.057982,4.101623,4.129657,4.149679,4.165352,4.178277,4.188981
28/05/1964,3.603242,3.834797,3.947455,4.006782,4.041413,4.064484,4.082051,4.096768,4.109606,4.120713
30/06/1964,3.532908,3.768531,3.887707,3.95236,3.990783,4.016453,4.035799,4.051752,4.065471,4.077221
31/07/1964,3.490782,3.662654,3.7981,3.900639,3.979765,4.043227,4.096069,4.141242,4.180342,4.214147
31/08/1964,3.60577,3.755658,3.870099,3.953655,4.016048,4.064927,4.105119,4.13933,4.168919,4.194454
30/09/1964,3.649094,3.816031,3.916614,3.977625,4.016476,4.043378,4.063876,4.080725,4.095102,4.107328
30/10/1964,3.677068,3.824315,3.917794,3.976363,4.014565,4.041526,4.062359,4.079639,4.094466,4.107127
30/11/1964,3.929161,3.999974,4.048097,4.075293,4.090075,4.098719,4.104777,4.109882,4.114516,4.118541
31/12/1964,3.75857,3.879715,3.976893,4.037594,4.073153,4.094075,4.107099,4.115938,4.122363,4.127021
29/01/1965,3.800172,3.862116,3.917949,3.970964,4.021721,4.070115,4.115852,4.158555,4.197814,4.233219
26/02/1965,3.913019,3.958958,3.999426,4.037061,4.072966,4.107524,4.140682,4.172119,4.201371,4.227926
31/03/1965,3.824803,3.934249,4.015193,4.0679,4.101836,4.124891,4.141979,4.15571,4.167234,4.176867
30/04/1965,3.820491,3.918609,3.997282,4.048442,4.080225,4.100618,4.114825,4.125678,4.13446,4.141551
28/05/1965,3.845508,3.915689,3.996507,4.053052,4.088177,4.109621,4.123289,4.132679,4.139532,4.144515
30/06/1965,3.752432,3.840539,3.942383,4.016342,4.064606,4.095782,4.116728,4.131671,4.142857,4.151296
30/07/1965,3.793593,3.9062,4.000951,4.063884,4.103395,4.128652,4.145861,4.158541,4.168414,4.176136
31/08/1965,3.920785,4.017499,4.092916,4.139337,4.166264,4.18219,4.192441,4.199836,4.205603,4.210061
30/09/1965,4.143567,4.171632,4.19567,4.220297,4.246229,4.273093,4.300203,4.326783,4.352054,4.375285
29/10/1965,4.110655,4.159291,4.23174,4.285923,4.321173,4.34372,4.35882,4.369687,4.377939,4.38419
30/11/1965,4.216071,4.260995,4.326939,4.372646,4.399551,4.414593,4.423148,4.428356,4.431717,4.433729
31/12/1965,4.713861,4.745207,4.758286,4.761249,4.761065,4.761062,4.762421,4.765185,4.768843,4.772653
31/01/1966,4.670292,4.758903,4.796033,4.810854,4.817452,4.821846,4.826331,4.831458,4.836975,4.842286
28/02/1966,4.650843,4.890472,4.965319,4.982688,4.988967,4.99719,5.009402,5.024589,5.041156,5.057625
31/03/1966,4.565389,4.711614,4.749425,4.754365,4.754628,4.757791,4.764763,4.774557,4.785806,4.797216
29/04/1966,4.67496,4.767441,4.793999,4.799047,4.799835,4.80179,4.806055,4.812258,4.819535,4.826916
31/05/1966,4.921918,4.886688,4.887119,4.893179,4.895691,4.894962,4.892776,4.890309,4.887946,4.885524
30/06/1966,4.907735,4.986595,5.014274,5.024301,5.028384,5.03129,5.03477,5.03914,5.04404,5.04882
29/07/1966,5.018465,5.108586,5.153991,5.176135,5.187498,5.194497,5.200109,5.205436,5.2106,5.215239
31/08/1966,5.480806,5.591828,5.617231,5.614464,5.610012,5.610484,5.61602,5.625101,5.636021,5.64728
30/09/1966,5.284878,5.291224,5.289593,5.282367,5.276157,5.27313,5.273352,5.276069,5.280258,5.284867
31/10/1966,5.226962,5.178,5.165755,5.159898,5.155019,5.151044,5.148434,5.147216,5.146987,5.147091
30/11/1966,5.227401,5.216366,5.224189,5.229035,5.230314,5.23016,5.230075,5.23061,5.231645,5.232689
30/12/1966,4.739548,4.733463,4.729917,4.723441,4.717747,4.714553,4.714104,4.715889,4.719064,4.722689
31/01/1967,4.402596,4.463456,4.516735,4.54908,4.566958,4.576936,4.583153,4.587705,4.591383,4.594238
28/02/1967,4.435275,4.607792,4.65822,4.665582,4.666369,4.670555,4.679316,4.691418,4.705219,4.719228
31/03/1967,3.969119,4.092525,4.209677,4.288574,4.337126,4.366563,4.384948,4.397069,4.405438,4.411184
28/04/1967,3.969088,4.209326,4.397977,4.524042,4.605206,4.658135,4.694058,4.719676,4.738697,4.753024
31/05/1967,4.015639,4.307818,4.477028,4.576413,4.637292,4.677097,4.70523,4.726582,4.743545,4.75716
30/06/1967,4.685373,5.010632,5.105731,5.134467,5.148293,5.161535,5.177044,5.194381,5.212342,5.229705
31/07/1967,4.824307,4.935557,4.972349,4.985866,4.991965,4.996493,5.001459,5.007221,5.013413,5.01938
31/08/1967,4.916347,5.143157,5.20386,5.216186,5.220505,5.227421,5.238312,5.25207,5.26715,5.282134
29/09/1967,5.053164,5.193875,5.235802,5.247367,5.251931,5.256673,5.263246,5.271426,5.280402,5.289228
31/10/1967,5.185407,5.369892,5.471553,5.529548,5.564807,5.58839,5.605942,5.620142,5.632077,5.642
30/11/1967,5.413756,5.451319,5.531962,5.595306,5.637127,5.663667,5.680852,5.692507,5.700695,5.706323
29/12/1967,5.519222,5.577554,5.632698,5.669443,5.691976,5.706078,5.715716,5.723015,5.72885,5.73336
31/01/1968,5.094864,5.271724,5.366568,5.419515,5.451213,5.472296,5.488068,5.50098,5.511964,5.521175
29/02/1968,5.154206,5.404323,5.480499,5.49789,5.504268,5.51281,5.52547,5.541136,5.558148,5.574994
29/03/1968,5.259017,5.554088,5.63466,5.651797,5.658377,5.668039,5.682429,5.700108,5.719197,5.738054
30/04/1968,5.53428,5.607591,5.696518,5.75897,5.79748,5.82043,5.834344,5.843155,5.848893,5.852408
31/05/1968,5.674198,5.759111,5.775252,5.769235,5.763137,5.762266,5.766469,5.774206,5.783806,5.793799
28/06/1968,5.526649,5.525871,5.52104,5.5487,5.602946,5.672173,5.747355,5.822659,5.89458,5.961085
31/07/1968,5.14172,5.152093,5.15934,5.215961,5.311309,5.427092,5.549581,5.670266,5.784342,5.889296
30/08/1968,4.990958,5.057325,5.190359,5.295792,5.366388,5.411513,5.440441,5.459454,5.472232,5.480713
30/09/1968,4.967938,5.093278,5.235514,5.336292,5.399812,5.438513,5.462222,5.477102,5.486599,5.492443
31/10/1968,5.159802,5.17679,5.302943,5.413055,5.490357,5.541627,5.575647,5.598776,5.61488,5.626072
29/11/1968,5.337395,5.311551,5.428543,5.53174,5.599976,5.640519,5.663199,5.675145,5.680663,5.682072
31/12/1968,6.003482,6.01537,6.077384,6.121128,6.145618,6.157786,6.163215,6.165198,6.165322,6.164132
31/01/1969,5.921203,5.970825,6.022901,6.054844,6.072227,6.081522,6.086878,6.090415,6.092943,6.094534
28/02/1969,6.309841,6.327165,6.305724,6.270903,6.234208,6.200553,6.171568,6.147253,6.126843,6.109274
28/03/1969,6.116158,6.092897,6.100864,6.122335,6.149679,6.179353,6.209449,6.238722,6.266233,6.291219
30/04/1969,5.963823,6.086545,6.120155,6.126328,6.127727,6.130819,6.136649,6.144579,6.153533,6.162415
29/05/1969,6.467673,6.551523,6.51305,6.466479,6.434049,6.416431,6.409894,6.410604,6.415482,6.422197
30/06/1969,7.335872,7.192458,6.979657,6.816299,6.70855,6.642629,6.60485,6.585048,6.576214,6.573584
31/07/1969,7.409319,7.356381,7.120958,6.896568,6.720066,6.588411,6.49119,6.418785,6.363782,6.320727
29/08/1969,7.458525,7.336293,7.157577,7.00535,6.890291,6.806385,6.745603,6.701215,6.668111,6.642495
30/09/1969,7.800137,7.879123,7.851243,7.777546,7.688696,7.599483,7.516369,7.441519,7.374964,7.315739
31/10/1969,7.376226,7.310769,7.245486,7.15073,7.037385,6.919153,6.804933,6.699089,6.603021,6.516458
28/11/1969,7.829745,7.561214,7.405044,7.305858,7.239109,7.192697,7.159829,7.136165,7.118642,7.104949
31/12/1969,8.167258,8.100852,8.029454,7.913404,7.768327,7.613619,7.462075,7.32027,7.190677,7.073436
30/01/1970,7.998004,8.024993,8.041156,8.014782,7.958246,7.887294,7.812648,7.740143,7.672332,7.609856
27/02/1970,6.844099,7.056275,7.175982,7.193597,7.145053,7.062494,6.966619,6.868963,6.7752,6.687596
31/03/1970,6.707824,6.918956,7.032034,7.077304,7.083529,7.069911,7.047568,7.022328,6.99689,6.972212
30/04/1970,7.449584,7.686364,7.768232,7.789621,7.787834,7.778152,7.766772,7.755936,7.746112,7.736984
29/05/1970,7.49529,7.726969,7.738056,7.691954,7.638479,7.591436,7.553265,7.522988,7.498774,7.478756
30/06/1970,7.192119,7.531251,7.626843,7.640586,7.628601,7.610606,7.593239,7.578272,7.565639,7.554608
31/07/1970,6.899989,7.277217,7.405636,7.442857,7.446829,7.439622,7.429653,7.419884,7.411008,7.402774
31/08/1970,6.747483,7.089387,7.247706,7.322566,7.358389,7.375793,7.384513,7.389053,7.391329,7.391963
30/09/1970,6.46188,6.73985,6.908237,7.013509,7.082781,7.131412,7.167848,7.196585,7.219898,7.238838
30/10/1970,6.234573,6.659386,6.82142,6.893574,6.933643,6.961795,6.985097,7.005846,7.024545,7.041021
30/11/1970,5.023496,5.384455,5.67018,5.892119,6.067166,6.208707,6.325874,6.424587,6.508626,6.580419
31/12/1970,4.977449,5.484536,5.756906,5.915003,6.014296,6.081797,6.131134,6.169305,6.199894,6.224692
29/01/1971,4.155338,4.758858,5.239869,5.592172,5.848265,6.038412,6.183944,6.298651,6.391184,6.466947
26/02/1971,3.627098,4.287264,4.820491,5.210694,5.492537,5.699954,5.857187,5.979989,6.078277,6.158255
31/03/1971,3.749079,4.212879,4.583286,4.873607,5.10418,5.291372,5.446572,5.577355,5.688728,5.784035
30/04/1971,4.694244,5.324623,5.676764,5.887331,6.022195,6.114679,6.182195,6.234032,6.275198,6.308385
28/05/1971,4.960051,5.486273,5.815182,6.027106,6.169881,6.271192,6.34683,6.40574,6.452966,6.491334
30/06/1971,5.998179,6.472711,6.648177,6.724392,6.766486,6.796478,6.821754,6.844569,6.865331,6.883797
30/07/1971,6.048401,6.484357,6.687711,6.794313,6.857637,6.90023,6.93205,6.957568,6.978727,6.996263
31/08/1971,5.130343,5.523996,5.756425,5.899794,5.993292,6.058299,6.106432,6.143945,6.174132,6.198661
30/09/1971,5.141392,5.504248,5.715198,5.843727,5.926793,5.984257,6.026771,6.059976,6.086779,6.108591
29/10/1971,4.517033,4.97299,5.304293,5.524419,5.668763,5.765315,5.832279,5.880628,5.916731,5.944179
30/11/1971,4.633465,5.05284,5.364057,5.581821,5.734731,5.845384,5.928635,5.993587,6.045636,6.087922
31/12/1971,4.333107,4.781776,5.109227,5.345366,5.519566,5.65268,5.758053,5.843887,5.915157,5.974879
31/01/1972,4.219131,4.910753,5.329945,5.595036,5.771315,5.89503,5.986435,6.056938,6.11301,6.158346
29/02/1972,4.1797,4.838204,5.257525,5.531706,5.718498,5.851979,5.951926,6.029772,6.092145,6.142905
30/03/1972,4.993683,5.566567,5.81961,5.947437,6.022301,6.072874,6.111136,6.142249,6.168412,6.190479
28/04/1972,4.523125,5.169041,5.52532,5.736566,5.871156,5.963186,6.030287,6.081796,6.122719,6.155736
31/05/1972,4.547067,5.051929,5.387122,5.61228,5.768851,5.882735,5.96939,6.037853,6.093365,6.13895
30/06/1972,5.05664,5.502621,5.737082,5.870868,5.953947,6.010196,6.051423,6.083548,6.109494,6.130635
31/07/1972,4.751437,5.393043,5.693122,5.851631,5.946487,6.010313,6.057587,6.095007,6.125718,6.151159
31/08/1972,5.306662,5.717406,5.947944,6.085418,6.173099,6.233235,6.277442,6.311789,6.339388,6.361766
29/09/1972,5.424151,5.813754,6.015351,6.128854,6.198712,6.245891,6.280603,6.30785,6.330013,6.348129
31/10/1972,5.420574,5.83706,6.023583,6.118184,6.173407,6.210613,6.238863,6.262023,6.281644,6.298209
30/11/1972,5.302791,5.690648,5.892499,6.006571,6.076918,6.124455,6.159423,6.186859,6.209172,6.227416
29/12/1972,5.638902,5.915184,6.055834,6.133416,6.180366,6.211951,6.235476,6.254355,6.270049,6.283028
31/01/1973,6.119102,6.275117,6.332898,6.355715,6.366391,6.373462,6.379947,6.386613,6.393278,6.399385
28/02/1973,6.419527,6.594244,6.636634,6.630518,6.608366,6.582997,6.559222,6.538427,6.520516,6.504776
30/03/1973,6.969316,6.866819,6.775982,6.709706,6.664455,6.634807,6.61615,6.604921,6.598396,6.59447
30/04/1973,6.705064,6.701741,6.669292,6.639846,6.619082,6.606501,6.600245,6.598356,6.599084,6.600937
31/05/1973,7.034067,6.812106,6.729425,6.699976,6.683823,6.670323,6.657656,6.645855,6.634942,6.624622
29/06/1973,7.58844,7.093482,6.902683,6.824892,6.781828,6.749795,6.722505,6.698387,6.676817,6.657175
31/07/1973,8.632707,8.0849,7.779058,7.603934,7.498638,7.43298,7.391104,7.363969,7.345985,7.333444
31/08/1973,8.28848,7.618754,7.292241,7.126824,7.042292,7.000842,6.983305,6.979205,6.982396,6.989031
28/09/1973,7.26871,6.866311,6.670968,6.592546,6.578099,6.597601,6.634137,6.678086,6.723875,6.768207
31/10/1973,7.001811,6.745237,6.680136,6.663294,6.656489,6.650996,6.645616,6.640507,6.635698,6.630902
30/11/1973,7.217462,6.795008,6.672179,6.627241,6.600893,6.578754,6.558281,6.539395,6.522098,6.50607
31/12/1973,7.193095,6.783301,6.680007,6.666184,6.676239,6.691296,6.70638,6.720299,6.732687,6.743234
31/01/1974,6.98359,6.728811,6.717983,6.759167,6.802302,6.837556,6.865163,6.886954,6.904339,6.918072
28/02/1974,7.012021,6.801558,6.805957,6.839881,6.86434,6.876252,6.879478,6.87767,6.873065,6.866726
29/03/1974,8.165174,7.721194,7.56066,7.488342,7.445708,7.415102,7.391012,7.371321,7.354754,7.340227
30/04/1974,8.773289,8.31248,8.083564,7.953484,7.871328,7.815715,7.776431,7.747798,7.726171,7.70896
31/05/1974,8.447652,8.070492,7.903021,7.814461,7.759945,7.722936,7.696464,7.6769,7.661883,7.649628
28/06/1974,8.535118,8.301212,8.13628,8.017611,7.930576,7.865774,7.816873,7.779358,7.74985,7.725732
31/07/1974,8.622873,8.518663,8.418818,8.306435,8.188969,8.074875,7.969125,7.873622,7.788344,7.712253
30/08/1974,9.403218,8.803517,8.510057,8.351828,8.257459,8.196789,8.155782,8.127012,8.105997,8.089723
30/09/1974,8.030944,7.975939,7.920603,7.881231,7.855891,7.840975,7.833338,7.830467,7.830358,7.831405
31/10/1974,7.730504,7.761227,7.783341,7.772903,7.739263,7.694311,7.646104,7.59897,7.554735,7.513767
29/11/1974,7.394392,7.397072,7.395332,7.386349,7.373667,7.360508,7.348596,7.338437,7.32979,7.32203
31/12/1974,7.116197,7.156042,7.165763,7.163568,7.160393,7.159591,7.161532,7.165539,7.170619,7.175747
31/01/1975,6.246466,6.656144,6.899696,7.042829,7.129165,7.183616,7.219914,7.245463,7.26414,7.277876
28/02/1975,5.919751,6.267469,6.577937,6.796808,6.941919,7.03757,7.101862,7.146364,7.177987,7.200701
31/03/1975,6.24502,6.74389,7.020634,7.17871,7.273645,7.33421,7.375425,7.405142,7.427423,7.444297
30/04/1975,6.760887,7.407689,7.657252,7.768091,7.829509,7.872303,7.907109,7.937472,7.964387,7.98793
30/05/1975,6.093494,6.772055,7.128257,7.329446,7.452065,7.532656,7.58944,7.631773,7.664525,7.690221
30/06/1975,6.739838,7.129785,7.346721,7.467474,7.535476,7.574759,7.598344,7.613111,7.62255,7.628303
31/07/1975,7.164346,7.569017,7.721279,7.771852,7.780913,7.773613,7.760658,7.746451,7.732536,7.719142
29/08/1975,7.325611,7.677349,7.819163,7.876772,7.899605,7.908087,7.910832,7.911359,7.910884,7.909572
30/09/1975,7.524192,7.945822,8.105799,8.163657,8.180764,8.181857,8.177124,8.170635,8.163773,8.156718
31/10/1975,6.339677,6.915714,7.240182,7.429451,7.545443,7.620703,7.672511,7.7101,7.738387,7.759948
28/11/1975,6.563036,7.136231,7.437725,7.609969,7.716729,7.788378,7.840021,7.879366,7.910382,7.935079
31/12/1975,6.110756,6.687793,7.025904,7.233758,7.368701,7.461582,7.529193,7.580745,7.621301,7.65363
30/01/1976,5.565269,6.388289,6.870801,7.159293,7.338336,7.454609,7.533861,7.590371,7.632102,7.663494
27/02/1976,6.078661,6.729997,7.054427,7.231922,7.338773,7.409302,7.459774,7.498185,7.528526,7.552769
31/03/1976,6.003009,6.625488,6.956617,7.148352,7.268878,7.350809,7.410468,7.456276,7.492639,7.521854
30/04/1976,5.96628,6.575677,6.911092,7.109832,7.236485,7.323138,7.386332,7.434796,7.473187,7.503985
28/05/1976,6.676942,7.196951,7.426893,7.540863,7.605139,7.646592,7.676647,7.700271,7.71957,7.735325
30/06/1976,6.371661,6.877257,7.159373,7.327765,7.435491,7.509416,7.563519,7.605177,7.638279,7.66484
30/07/1976,6.093425,6.66222,7.001582,7.213848,7.353975,7.451932,7.524209,7.57994,7.624197,7.659789
31/08/1976,5.904627,6.43503,6.782146,7.013455,7.173424,7.289219,7.376883,7.445758,7.501255,7.546508
30/09/1976,5.783742,6.242592,6.578054,6.820993,7.000993,7.138986,7.248391,7.337499,7.411373,7.473117
29/10/1976,5.521323,5.983417,6.332734,6.593063,6.790837,6.945635,7.070367,7.173206,7.259277,7.331814
30/11/1976,5.008282,5.360803,5.666835,5.937774,6.177976,6.390442,6.577943,6.743062,6.888114,7.015108
31/12/1976,4.908623,5.350464,5.710154,5.983375,6.190645,6.35142,6.479596,6.584261,6.67119,6.744032
31/01/1977,5.632847,6.160822,6.501909,6.726972,6.881384,6.992453,7.076152,7.141707,7.194423,7.23734
28/02/1977,5.50684,6.085586,6.469092,6.727034,6.906699,7.037414,7.13669,7.214834,7.277898,7.329446
31/03/1977,5.403293,5.98452,6.393317,6.675963,6.875218,7.020697,7.131064,7.217661,7.287301,7.344072
29/04/1977,5.483445,6.040564,6.426306,6.694214,6.88574,7.028099,7.138085,7.22582,7.297374,7.356402
31/05/1977,5.73106,6.115692,6.415842,6.646145,6.825819,6.969735,7.087927,7.186847,7.270596,7.341791
30/06/1977,5.607927,5.974054,6.263657,6.488833,6.666638,6.810511,6.929627,7.029942,7.115279,7.188104
29/07/1977,6.069126,6.405778,6.652103,6.830117,6.961862,7.063023,7.143572,7.209544,7.264509,7.310547
31/08/1977,6.2011,6.45312,6.644449,6.786896,6.895254,6.980618,7.050162,7.108225,7.157333,7.198918
30/09/1977,6.49563,6.689196,6.837329,6.948199,7.033085,7.100549,7.156075,7.202897,7.242807,7.276734
31/10/1977,6.818087,7.03505,7.167846,7.251053,7.305849,7.344477,7.373675,7.396961,7.416026,7.431557
30/11/1977,6.740856,6.938184,7.075477,7.170002,7.237193,7.287469,7.327085,7.359522,7.38658,7.409091
30/12/1977,6.868963,7.098861,7.264277,7.381769,7.467559,7.532997,7.585101,7.627933,7.663725,7.693633
31/01/1978,7.10216,7.31084,7.460082,7.565462,7.642058,7.700348,7.746758,7.78495,7.816889,7.843545
28/02/1978,7.141494,7.400273,7.565743,7.673295,7.746231,7.798606,7.838442,7.870124,7.895932,7.916953
31/03/1978,7.238927,7.521974,7.679635,7.772772,7.831765,7.87222,7.902175,7.925681,7.94467,7.959948
28/04/1978,7.390029,7.691263,7.825514,7.893009,7.932127,7.958528,7.978785,7.995586,8.009872,8.021784
31/05/1978,7.753273,7.979291,8.058573,8.090501,8.107248,8.119604,8.130965,8.142052,8.15261,8.162046
30/06/1978,8.148573,8.307791,8.351303,8.362568,8.366548,8.370529,8.376096,8.382986,8.390375,8.397331
31/07/1978,8.117987,8.26076,8.293053,8.298292,8.299219,8.301769,8.306791,8.313618,8.321204,8.328493
31/08/1978,8.199905,8.238976,8.231002,8.215818,8.20361,8.196244,8.193145,8.193079,8.194729,8.19687
29/09/1978,8.601815,8.432369,8.359517,8.322361,8.299824,8.284822,8.274575,8.267526,8.262456,8.258271
31/10/1978,9.422288,9.188358,9.009292,8.891528,8.817455,8.772163,8.745356,8.730167,8.721968,8.71756
30/11/1978,9.683832,9.254863,8.980682,8.809481,8.701834,8.633552,8.589975,8.561989,8.543699,8.531138
29/12/1978,10.23741,9.775076,9.434838,9.208451,9.061771,8.967287,8.906341,8.866781,8.84067,8.82272
31/01/1979,9.772264,9.336212,9.051128,8.872926,8.761699,8.692053,8.648406,8.621052,8.603742,8.592305
28/02/1979,9.879225,9.494163,9.249321,9.097271,9.002147,8.942183,8.904252,8.880184,8.864671,8.854111
30/03/1979,9.666378,9.369233,9.169558,9.038756,8.952931,8.896269,8.858612,8.833314,8.815863,8.803087
30/04/1979,9.7948,9.506291,9.313911,9.189225,9.10838,9.055755,9.021389,8.998795,8.983587,8.972684
31/05/1979,9.531547,9.174362,8.995548,8.895779,8.834731,8.79509,8.768458,8.750094,8.73692,8.726723
29/06/1979,8.938934,8.666247,8.582219,8.549861,8.530822,8.515538,8.502094,8.490141,8.479363,8.469241
31/07/1979,9.387187,8.999032,8.860132,8.799925,8.765086,8.739827,8.719513,8.702506,8.687827,8.67458
31/08/1979,10.0253,9.493724,9.24881,9.120152,9.043338,8.992988,8.957958,8.932528,8.913227,8.897651
28/09/1979,10.4951,9.804363,9.503104,9.352343,9.264136,9.205751,9.163895,9.132281,9.107311,9.086556
31/10/1979,12.36282,11.65688,11.20515,10.90711,10.70371,10.56029,10.45603,10.37793,10.31754,10.26909
30/11/1979,11.27289,10.64117,10.29421,10.10643,10.00811,9.96053,9.941842,9.939362,9.945484,9.955485
31/12/1979,11.46354,10.74234,10.32358,10.09543,9.980584,9.931276,9.919115,9.927323,9.945888,9.968729
31/01/1980,11.77412,11.196,10.86068,10.6945,10.63152,10.62737,10.65484,10.69781,10.7468,10.79626
29/02/1980,14.49884,13.94525,13.26227,12.7571,12.43413,12.24275,12.13668,12.08324,12.06112,12.0568
31/03/1980,15.15154,14.00395,13.06564,12.46136,12.11488,11.93647,11.86022,11.84338,11.85952,11.89252
30/04/1980,10.64446,10.20897,10.09239,10.10416,10.16698,10.24811,10.33305,10.41512,10.4912,10.55981
30/05/1980,8.692927,8.960774,9.111521,9.259929,9.41933,9.582415,9.741119,9.890167,10.02677,10.14976
30/06/1980,8.519999,8.880127,9.084352,9.229055,9.346541,9.44792,9.537324,9.616509,9.68636,9.747412
31/07/1980,9.080076,9.520704,9.718442,9.846663,9.954461,10.05369,10.14611,10.23123,10.30839,10.37717
29/08/1980,11.05744,11.26261,11.28921,11.25263,11.1971,11.13952,11.08597,11.03807,10.99557,10.95751
30/09/1980,11.84729,11.7819,11.60787,11.48111,11.41556,11.39508,11.40262,11.4257,11.45612,11.48866
31/10/1980,12.93625,12.55935,12.35907,12.24464,12.17473,12.12996,12.10031,12.08001,12.06537,12.05383
28/11/1980,14.09266,13.26173,12.84069,12.59227,12.42751,12.30915,12.21953,12.14908,12.09185,12.04378
31/12/1980,13.08505,12.28535,12.09295,12.04363,12.01567,11.98312,11.94454,11.90292,11.86077,11.8194
30/01/1981,13.57423,12.61673,12.3305,12.23293,12.18486,12.1483,12.11437,12.08173,12.05042,12.0204
27/02/1981,13.74911,13.15006,12.99889,12.95929,12.93839,12.91541,12.88852,12.85952,12.82996,12.80058
31/03/1981,12.5579,12.72705,12.78827,12.81057,12.82159,12.83026,12.83889,12.84758,12.85573,12.86258
30/04/1981,14.37792,14.02534,13.8416,13.72125,13.63072,13.558,13.49783,13.44711,13.40349,13.36503
29/05/1981,14.5467,13.87555,13.50802,13.27238,13.10678,12.9835,12.8881,12.81205,12.74967,12.69696
30/06/1981,14.17795,13.8417,13.61603,13.4562,13.34035,13.2545,13.18943,13.13881,13.09814,13.0641
31/07/1981,15.46853,14.99467,14.6735,14.42956,14.23386,14.07275,13.93817,13.82442,13.72704,13.6424
31/08/1981,16.09603,15.70474,15.3314,15.05262,14.85776,14.72342,14.63001,14.56363,14.51484,14.47723
30/09/1981,15.68594,15.79234,15.58016,15.36086,15.19621,15.08401,15.01027,14.96224,14.93053,14.90861
30/10/1981,14.03048,14.03415,14.06846,14.09964,14.12256,14.13884,14.15061,14.15922,14.16526,14.16881
30/11/1981,11.34714,11.9047,12.13886,12.25339,12.32077,12.36766,12.40423,12.43443,12.45976,12.48069
31/12/1981,13.19896,13.45472,13.48794,13.48139,13.47785,13.48385,13.49725,13.51472,13.53346,13.55138
29/01/1982,13.7046,13.75475,13.7179,13.68019,13.65761,13.64881,13.64939,13.65541,13.66384,13.67253
26/02/1982,13.61744,13.72874,13.62676,13.51845,13.44464,13.40335,13.38493,13.38069,13.38434,13.39156
31/03/1982,13.8245,13.84529,13.82078,13.76684,13.69961,13.62964,13.56244,13.50029,13.44361,13.39182
30/04/1982,13.31473,13.43192,13.39809,13.32839,13.25789,13.19599,13.1439,13.10032,13.06334,13.03108
28/05/1982,12.71014,13.05575,13.12852,13.12913,13.11616,13.10513,13.09872,13.09606,13.09554,13.09564
30/06/1982,13.99289,14.13287,14.08119,13.98726,13.8949,13.81496,13.74822,13.69267,13.64577,13.60516
30/07/1982,12.48699,12.85656,12.97587,13.02458,13.05258,13.07462,13.09468,13.11339,13.13036,13.14497
31/08/1982,11.07,11.79737,12.00664,12.07747,12.11492,12.14702,12.17952,12.21222,12.24371,12.2726
30/09/1982,10.33744,11.06877,11.31878,11.42326,11.48134,11.52389,11.56025,11.59292,11.62224,11.64791
29/10/1982,9.313584,9.986468,10.28667,10.43788,10.52418,10.5797,10.61919,10.64926,10.67295,10.6916
30/11/1982,9.209319,9.821571,10.20912,10.44889,10.59805,10.69295,10.75524,10.79745,10.82668,10.84689
31/12/1982,8.798954,9.411406,9.843824,10.11824,10.2852,10.38521,10.4448,10.48002,10.50023,10.51069
31/01/1983,8.876941,9.519489,9.988317,10.30582,10.51832,10.66296,10.76434,10.83768,10.89212,10.93308
28/02/1983,8.596215,9.19442,9.605002,9.872025,10.0447,10.15848,10.23577,10.29003,10.32909,10.35748
31/03/1983,9.194143,9.65122,9.980126,10.20033,10.34625,10.44478,10.5135,10.56307,10.59972,10.62703
29/04/1983,8.696132,9.196415,9.569649,9.824241,9.994985,10.11128,10.19289,10.25204,10.29603,10.32911
31/05/1983,9.204887,9.738841,10.11699,10.36374,10.52146,10.62313,10.69021,10.73564,10.76702,10.78867
30/06/1983,9.534354,10.00361,10.33919,10.55792,10.6968,10.7854,10.84307,10.88152,10.90753,10.92494
29/07/1983,10.17842,10.74115,11.08497,11.2989,11.43649,11.52883,11.59366,11.64101,11.67649,11.70324
31/08/1983,10.28303,10.87525,11.21408,11.41956,11.55183,11.64219,11.70735,11.75637,11.79421,11.8236
30/09/1983,9.63679,10.2576,10.65755,10.91033,11.07175,11.17768,11.2497,11.30039,11.33696,11.36351
31/10/1983,9.578124,10.28974,10.74988,11.04532,11.23859,11.36923,11.46098,11.52774,11.57765,11.6154
30/11/1983,9.687675,10.32418,10.75025,11.01919,11.18671,11.29202,11.35956,11.40384,11.43324,11.45252
30/12/1983,9.923267,10.54487,10.94317,11.19539,11.35752,11.46496,11.53887,11.59154,11.63005,11.65841
31/01/1984,9.672378,10.26921,10.7,10.98501,11.16972,11.29055,11.37146,11.42712,11.46622,11.4938
29/02/1984,10.03893,10.66712,11.08959,11.36171,11.53667,11.65142,11.72896,11.78301,11.82155,11.84918
30/03/1984,10.65321,11.21884,11.61021,11.86153,12.01959,12.1195,12.18378,12.22595,12.25388,12.27205
30/04/1984,10.74821,11.39631,11.83743,12.11819,12.29356,12.4036,12.47376,12.51926,12.54898,12.56799
31/05/1984,11.86323,12.56821,12.93408,13.14879,13.28727,13.38383,13.45536,13.51061,13.55425,13.58886
29/06/1984,11.94814,12.74676,13.0643,13.21225,13.29618,13.35341,13.39765,13.43406,13.46459,13.48991
31/07/1984,11.63983,12.15538,12.33591,12.41475,12.46291,12.50164,12.53668,12.56906,12.59849,12.62439
31/08/1984,11.65513,12.12514,12.32163,12.40348,12.43529,12.44481,12.44438,12.43945,12.43231,12.42371
28/09/1984,11.1717,11.7051,11.96874,12.09209,12.14278,12.15634,12.15137,12.13744,12.11928,12.09907
31/10/1984,10.2513,10.83273,11.13042,11.28854,11.37535,11.42464,11.45357,11.47093,11.48119,11.48655
30/11/1984,9.457217,10.24595,10.72476,11.00986,11.17959,11.28175,11.34423,11.38295,11.40688,11.42104
31/12/1984,9.081707,9.947602,10.49354,10.83899,11.06271,11.21269,11.31719,11.39269,11.44878,11.49105
31/01/1985,8.955643,9.72028,10.22762,10.54606,10.74309,10.86579,10.94349,10.9936,11.02626,11.04726
28/02/1985,9.682976,10.41935,10.91396,11.23258,11.43749,11.57183,11.66249,11.72556,11.77049,11.80277
29/03/1985,9.482688,10.26248,10.7324,11.02608,11.21789,11.3493,11.44358,11.51393,11.56787,11.60976
30/04/1985,9.00474,9.831126,10.35031,10.68961,10.92184,11.08846,11.21325,11.31,11.38685,11.44866
31/05/1985,8.044647,8.831687,9.323395,9.640782,9.854694,10.0058,10.11741,10.20296,10.27028,10.32399
28/06/1985,7.772518,8.593447,9.183799,9.580874,9.845467,10.02482,10.14998,10.24012,10.30681,10.35701
31/07/1985,8.163215,8.929076,9.488592,9.872826,10.1355,10.31888,10.45096,10.54916,10.62412,10.68228
30/08/1985,7.927084,8.764854,9.303377,9.6512,9.881861,10.04066,10.15449,10.23917,10.30396,10.35434
30/09/1985,7.989801,8.771606,9.272506,9.60922,9.847393,10.02413,10.16071,10.26957,10.35817,10.43105
31/10/1985,7.935783,8.580392,9.024943,9.338042,9.566564,9.73993,9.876089,9.985945,10.07619,10.15098
29/11/1985,7.769834,8.309399,8.700848,8.988319,9.205739,9.375686,9.512448,9.624948,9.718795,9.79757
31/12/1985,7.595312,7.934562,8.192331,8.403023,8.581486,8.735308,8.86903,8.985671,9.087373,9.17572
31/01/1986,7.583189,7.938502,8.220559,8.454066,8.651852,8.821637,8.968536,9.096137,9.207039,9.303178
28/02/1986,7.421101,7.64639,7.785785,7.885245,7.963589,8.029128,8.085759,8.135359,8.178815,8.216513
31/03/1986,6.813414,7.005223,7.137879,7.232988,7.304765,7.361827,7.409115,7.449324,7.483828,7.513259
30/04/1986,6.595615,6.928843,7.127417,7.254622,7.342437,7.407487,7.458552,7.500267,7.535035,7.564055
30/05/1986,6.866056,7.415787,7.73497,7.927313,8.048812,8.129857,8.187016,8.229328,8.261703,8.286769
30/06/1986,6.538228,6.938982,7.190526,7.354806,7.467817,7.550056,7.61306,7.663271,7.704242,7.737903
31/07/1986,6.302745,6.671036,6.938332,7.144246,7.309949,7.44748,7.56401,7.663968,7.750172,7.824476
29/08/1986,5.555455,5.978348,6.289638,6.533481,6.732446,6.899172,7.041282,7.163629,7.269441,7.360947
30/09/1986,5.900606,6.416215,6.781163,7.055186,7.270641,7.445964,7.592127,7.715911,7.821662,7.912259
31/10/1986,5.767347,6.199287,6.526307,6.788522,7.006069,7.190357,7.348485,7.485163,7.603663,7.706344
28/11/1986,5.781635,6.117427,6.390972,6.625176,6.829266,7.008223,7.165467,7.303629,7.424809,7.530706
31/12/1986,6.108246,6.358052,6.557595,6.740252,6.910884,7.068658,7.212582,7.342367,7.458271,7.560846
30/01/1987,5.966495,6.220948,6.437337,6.632936,6.810909,6.971841,7.116297,7.245113,7.359263,7.459732
27/02/1987,6.021613,6.285352,6.477535,6.645751,6.800337,6.942583,7.072261,7.189288,7.293895,7.386518
31/03/1987,6.247502,6.521593,6.730035,6.910523,7.072719,7.219132,7.350753,7.468365,7.572759,7.664718
30/04/1987,6.88647,7.32886,7.555978,7.720045,7.861484,7.990139,8.107854,8.214743,8.310772,8.396063
29/05/1987,7.154916,7.635039,7.858227,8.003735,8.123069,8.23009,8.327964,8.417119,8.497462,8.568925
30/06/1987,6.901487,7.353938,7.647569,7.858963,8.02245,8.15502,8.265783,8.359945,8.44063,8.509799
31/07/1987,6.891938,7.424576,7.769014,8.015359,8.204499,8.35679,8.483217,8.59011,8.681325,8.759317
31/08/1987,7.225078,7.767733,8.104207,8.33893,8.51685,8.659281,8.777255,8.876924,8.961935,9.034562
30/09/1987,7.842093,8.448822,8.783455,9.003607,9.167801,9.299803,9.410296,9.504632,9.585771,9.6555
30/10/1987,7.015072,7.638835,8.033709,8.302004,8.495306,8.641803,8.757413,8.851351,8.929075,8.99389
30/11/1987,7.06928,7.665639,8.045481,8.31266,8.514031,8.673431,8.803905,8.913008,9.005316,9.083721
31/12/1987,7.176737,7.681458,7.971465,8.186198,8.365586,8.5223,8.660976,8.783819,8.892243,8.987346
29/01/1988,6.772983,7.130775,7.363583,7.564122,7.751566,7.927133,8.089161,8.236491,8.368812,8.486402
29/02/1988,6.633831,7.020125,7.248836,7.441509,7.623641,7.796814,7.958533,8.106823,8.240797,8.36037
31/03/1988,6.8265,7.285508,7.579075,7.815935,8.024774,8.212777,8.381894,8.533111,8.667393,8.78578
29/04/1988,7.096398,7.595313,7.870853,8.08781,8.285805,8.471088,8.642778,8.799524,8.940741,9.066535
31/05/1988,7.616515,8.084811,8.32083,8.498453,8.659512,8.811144,8.952705,9.082735,9.200374,9.305391
30/06/1988,7.489631,7.881071,8.064712,8.205655,8.340144,8.471878,8.598088,8.715977,8.823817,8.920798
29/07/1988,7.921911,8.248398,8.380836,8.496539,8.626036,8.765154,8.905277,9.039937,9.165287,9.279365
31/08/1988,8.274745,8.541822,8.652871,8.739988,8.829917,8.923265,9.016011,9.104632,9.186837,9.261327
30/09/1988,8.09224,8.282516,8.361728,8.430636,8.506636,8.587821,8.66959,8.748313,8.82166,8.888279
31/10/1988,7.950789,8.087008,8.129888,8.183267,8.258071,8.346303,8.439257,8.53084,8.617346,8.696696
30/11/1988,8.586699,8.688036,8.712176,8.737723,8.775898,8.823275,8.874844,8.926726,8.976317,9.021951
30/12/1988,8.913738,8.974753,8.991106,8.997974,9.003443,9.00973,9.017133,9.025213,9.033252,9.040459
31/01/1989,8.906048,8.92925,8.921379,8.906017,8.890803,8.878259,8.868816,8.861987,8.856907,8.852598
28/02/1989,9.361822,9.363161,9.326185,9.287312,9.254786,9.229667,9.210958,9.197129,9.186609,9.177956
31/03/1989,9.61377,9.570915,9.481132,9.39333,9.317904,9.255788,9.205298,9.164145,9.130065,9.10102
28/04/1989,9.087064,9.04099,8.984101,8.944519,8.92226,8.912749,8.911642,8.915572,8.922037,8.929168
31/05/1989,8.776722,8.658015,8.605842,8.577909,8.560343,8.548591,8.540771,8.535667,8.532203,8.52936
30/06/1989,8.105691,7.956787,7.935682,7.953136,7.98035,8.008736,8.035851,8.060919,8.083527,8.103294
31/07/1989,7.632278,7.450076,7.427979,7.463772,7.519294,7.579823,7.639399,7.695436,7.746704,7.792551
31/08/1989,8.263722,8.221662,8.197668,8.185791,8.181454,8.18212,8.186097,8.192025,8.198713,8.205108
29/09/1989,8.362131,8.283356,8.268991,8.268622,8.269195,8.268887,8.268158,8.267409,8.266602,8.265367
31/10/1989,7.84345,7.743746,7.756176,7.789906,7.822016,7.848786,7.870903,7.889441,7.905025,7.917833
30/11/1989,7.671222,7.615652,7.651585,7.695532,7.730354,7.755861,7.774758,7.789237,7.800526,7.809119
29/12/1989,7.807556,7.763783,7.780295,7.807497,7.833336,7.856066,7.876107,7.893915,7.909598,7.922981
31/01/1990,8.08633,8.152984,8.218653,8.265761,8.297403,8.319104,8.334892,8.34705,8.356625,8.363921
28/02/1990,8.087062,8.244616,8.33481,8.385597,8.415095,8.433495,8.446145,8.455617,8.46295,8.468372
30/03/1990,8.311158,8.472959,8.541393,8.568082,8.57666,8.577916,8.576636,8.574704,8.572585,8.570072
30/04/1990,8.554433,8.776576,8.865037,8.900838,8.915673,8.922397,8.926204,8.928989,8.931174,8.932532
31/05/1990,8.126845,8.29449,8.400809,8.461525,8.494668,8.512494,8.52216,8.527451,8.530135,8.530854
29/06/1990,7.945822,8.089621,8.187502,8.252171,8.296033,8.327561,8.351743,8.371224,8.387227,8.400174
31/07/1990,7.676374,7.798162,7.903615,7.993739,8.071514,8.139521,8.199534,8.252628,8.299391,8.340104
31/08/1990,7.79851,8.009181,8.188545,8.339753,8.468404,8.579113,8.675208,8.758973,8.831948,8.895179
28/09/1990,7.698564,7.914026,8.102879,8.265495,8.405583,8.526962,8.632693,8.725025,8.805564,8.875454
31/10/1990,7.475859,7.683938,7.869088,8.033218,8.178337,8.306551,8.419771,8.519582,8.607246,8.68375
30/11/1990,7.309438,7.478383,7.62829,7.761477,7.879774,7.984876,8.07822,8.160932,8.233862,8.29764
31/12/1990,6.901758,7.140611,7.352834,7.536797,7.695771,7.833666,7.953794,8.05869,8.150226,8.229783
31/01/1991,6.658323,6.981701,7.233091,7.436374,7.605395,7.748714,7.871833,7.978379,8.070805,8.150811
28/02/1991,6.52237,6.925522,7.224935,7.451417,7.628049,7.770151,7.887441,7.986014,8.069704,8.140962
28/03/1991,6.403786,6.942944,7.305725,7.555267,7.733648,7.86682,7.970303,8.053296,8.121253,8.177436
30/04/1991,6.22544,6.774054,7.151407,7.422263,7.625551,7.784445,7.912772,8.018874,8.107877,8.182999
31/05/1991,6.20653,6.749236,7.136061,7.421757,7.640954,7.815093,7.957365,8.075952,8.176016,8.260895
28/06/1991,6.305422,6.91635,7.340552,7.643023,7.866859,8.039011,8.175942,8.287691,8.380444,8.458081
31/07/1991,6.17984,6.74238,7.175747,7.493708,7.728219,7.905668,8.044064,8.154931,8.245504,8.320326
30/08/1991,5.772412,6.282986,6.713309,7.05367,7.321987,7.536956,7.712634,7.858669,7.981527,8.085559
30/09/1991,5.509465,5.983718,6.384121,6.705962,6.964624,7.175646,7.350757,7.498117,7.623293,7.730107
31/10/1991,5.199993,5.689678,6.120751,6.487071,6.796882,7.060163,7.285397,7.479173,7.646486,7.791134
29/11/1991,4.82368,5.382121,5.87454,6.292667,6.645714,6.94515,7.200814,7.420387,7.609729,7.773313
31/12/1991,4.210988,4.800577,5.311001,5.732496,6.079273,6.367323,6.609454,6.815069,6.99094,7.141984
31/01/1992,4.395826,5.139907,5.763102,6.25148,6.632466,6.934432,7.178699,7.379958,7.548127,7.689943
28/02/1992,4.472587,5.249535,5.881561,6.3601,6.720679,6.997564,7.215599,7.391372,7.535712,7.655714
31/03/1992,4.723028,5.606348,6.271109,6.738543,7.065495,7.299067,7.471194,7.602128,7.704431,7.785888
30/04/1992,4.446633,5.369449,6.088801,6.610978,6.988035,7.265936,7.476768,7.641342,7.772871,7.879761
29/05/1992,4.311159,5.130284,5.790095,6.288914,6.665291,6.954958,7.183579,7.36825,7.520151,7.646635
30/06/1992,4.1449,4.843797,5.448721,5.94722,6.356189,6.694837,6.978607,7.218888,7.423923,7.599724
31/07/1992,3.719132,4.412774,5.013791,5.51045,5.919118,6.258407,6.543336,6.785028,6.991572,7.168894
31/08/1992,3.550448,4.19687,4.77638,5.284401,5.726006,6.109003,6.441283,6.729903,6.980867,7.199183
30/09/1992,3.209554,3.856681,4.440158,4.961584,5.423056,5.828833,6.184384,6.495394,6.767204,7.004569
30/10/1992,3.694884,4.441744,5.096872,5.623926,6.042792,6.379412,6.654546,6.883008,7.075063,7.237853
30/11/1992,3.983101,4.819469,5.486571,5.986163,6.359893,6.645356,6.86924,7.049176,7.196602,7.318986
30/12/1992,3.699474,4.48918,5.182286,5.71383,6.11142,6.412265,6.645318,6.83035,6.980331,7.103727
29/01/1993,3.51143,4.177011,4.775618,5.266423,5.662714,5.985407,6.251976,6.475194,6.664081,6.825017
26/02/1993,3.359175,3.909348,4.448239,4.912936,5.301991,5.627491,5.901875,6.135123,6.334737,6.506296
31/03/1993,3.39333,3.947134,4.481588,4.942753,5.330435,5.656218,5.931878,6.166908,6.368502,6.542063
29/04/1993,3.278328,3.776986,4.310849,4.78609,5.190158,5.531123,5.820011,6.066376,6.277672,6.459568
28/05/1993,3.624139,4.194453,4.669415,5.065141,5.39767,5.679829,5.921284,6.129221,6.309013,6.464734
30/06/1993,3.538055,4.015381,4.422937,4.773152,5.075413,5.337259,5.56481,5.763003,5.935798,6.086381
30/07/1993,3.584671,4.105871,4.533186,4.882055,5.170106,5.411359,5.615979,5.791164,5.94204,6.072315
31/08/1993,3.433687,3.837538,4.202638,4.522387,4.799999,5.040913,5.250398,5.432921,5.592104,5.730846
30/09/1993,3.434246,3.880603,4.243736,4.548345,4.808183,5.032085,5.226272,5.395341,5.542779,5.671279
29/10/1993,3.52557,3.956847,4.31032,4.607429,4.860911,5.079271,5.268598,5.433402,5.577099,5.702314
30/11/1993,3.655471,4.167867,4.578759,4.912344,5.187883,5.419181,5.615858,5.784627,5.930239,6.056134
31/12/1993,3.669658,4.198931,4.607272,4.935574,5.207008,5.435775,5.63112,5.799341,5.944883,6.070982
31/01/1994,3.553199,4.059055,4.448341,4.762038,5.022353,5.242545,5.431155,5.593986,5.735145,5.857631
28/02/1994,4.084143,4.640864,5.042404,5.355922,5.612236,5.827506,6.011241,6.169541,6.306577,6.425334
31/03/1994,4.522129,5.19609,5.663344,6.004328,6.264495,6.470589,6.638686,6.778683,6.896842,6.997247
29/04/1994,5.010654,5.71663,6.128733,6.405315,6.610542,6.773087,6.907065,7.020076,7.116541,7.199197
31/05/1994,5.305328,5.960684,6.312769,6.545701,6.723903,6.87129,6.997671,7.107649,7.203738,7.287512
30/06/1994,5.448667,6.103399,6.469525,6.720126,6.914948,7.076762,7.215373,7.33568,7.440518,7.53174
29/07/1994,5.362764,5.934032,6.261291,6.488741,6.666969,6.81559,6.943203,7.054152,7.150955,7.235246
31/08/1994,5.481726,6.049415,6.368733,6.584935,6.750979,6.88773,7.004334,7.105321,7.193223,7.269609
30/09/1994,5.901049,6.511624,6.842931,7.056984,7.214787,7.34101,7.446602,7.536929,7.614882,7.682153
31/10/1994,6.100422,6.719315,7.049444,7.258147,7.408598,7.52678,7.624382,7.707148,7.778133,7.839073
30/11/1994,6.773129,7.316092,7.522646,7.619649,7.679584,7.726,7.76639,7.802902,7.835907,7.865205
30/12/1994,7.204075,7.568345,7.677848,7.717968,7.740004,7.758556,7.777135,7.79592,7.814177,7.831013
31/01/1995,6.764937,7.160807,7.319535,7.396101,7.442881,7.478078,7.508027,7.534776,7.558776,7.579883
28/02/1995,6.368795,6.683407,6.827134,6.918314,6.992326,7.059053,7.120794,7.177731,7.229547,7.27588
31/03/1995,6.399297,6.698241,6.835435,6.922901,6.994115,7.058429,7.118007,7.172997,7.223068,7.267845
28/04/1995,6.240635,6.499505,6.630325,6.719462,6.793444,6.859997,6.92111,6.977088,7.027778,7.072941
31/05/1995,5.767619,5.812491,5.862571,5.930526,6.01013,6.093979,6.176871,6.255643,6.328496,6.394452
30/06/1995,5.67929,5.761479,5.812859,5.872498,5.942326,6.017207,6.092389,6.164646,6.231995,6.293282
31/07/1995,5.666909,5.831396,5.952267,6.057638,6.154401,6.24382,6.32593,6.40061,6.467792,6.52747
31/08/1995,5.62815,5.774001,5.869447,5.952826,6.032369,6.108565,6.180443,6.247075,6.307812,6.362242
29/09/1995,5.672602,5.794444,5.853401,5.904999,5.959877,6.017389,6.075019,6.130595,6.182581,6.229951
31/10/1995,5.532241,5.589896,5.644167,5.705974,5.772856,5.840876,5.907082,5.969571,6.02717,6.079163
30/11/1995,5.343953,5.326876,5.367075,5.433448,5.50984,5.587925,5.663445,5.734203,5.799051,5.857388
29/12/1995,5.129942,5.144882,5.201605,5.274759,5.351806,5.427125,5.49819,5.563825,5.623452,5.676763
31/01/1996,4.91631,4.923303,5.016159,5.132852,5.25116,5.363095,5.465976,5.559098,5.642478,5.716372
29/02/1996,5.174473,5.355805,5.496373,5.625139,5.746814,5.8608,5.966048,6.061944,6.14829,6.225136
29/03/1996,5.456822,5.735672,5.877872,5.983703,6.079296,6.16975,6.254983,6.334071,6.406258,6.471085
30/04/1996,5.618546,5.974325,6.150355,6.268978,6.366992,6.45483,6.535131,6.608375,6.674524,6.733481
31/05/1996,5.724503,6.159127,6.366662,6.491575,6.583168,6.658698,6.724432,6.782723,6.834466,6.879985
28/06/1996,5.733965,6.076901,6.233171,6.333311,6.415695,6.490617,6.56024,6.624583,6.683242,6.735834
31/07/1996,5.833781,6.151492,6.312098,6.416995,6.499543,6.57082,6.634548,6.691957,6.743409,6.788956
30/08/1996,5.830202,6.270564,6.459281,6.570668,6.65726,6.734014,6.804628,6.869631,6.928788,6.981775
30/09/1996,5.699424,6.037194,6.210672,6.327896,6.422461,6.505076,6.579215,6.646016,6.705853,6.758848
31/10/1996,5.478074,5.694266,5.841947,5.958071,6.056381,6.142486,6.218953,6.287075,6.347546,6.40075
29/11/1996,5.377848,5.535038,5.627543,5.70444,5.777281,5.847466,5.91418,5.976433,6.033465,6.084756
31/12/1996,5.569233,5.824846,5.974716,6.078675,6.159919,6.228038,6.287256,6.339503,6.385651,6.426061
31/01/1997,5.582888,5.854577,6.014592,6.127474,6.217254,6.293457,6.360154,6.419188,6.471418,6.517239
28/02/1997,5.695945,5.99719,6.155549,6.256924,6.332876,6.39555,6.449856,6.497834,6.5403,6.577526
31/03/1997,6.013055,6.362743,6.532061,6.633895,6.707905,6.768487,6.821053,6.867659,6.909037,6.945373
30/04/1997,5.887488,6.195703,6.343765,6.435671,6.505945,6.566092,6.619928,6.668628,6.712444,6.751302
30/05/1997,5.795682,6.13106,6.27957,6.368561,6.437636,6.498589,6.554575,6.606144,6.653118,6.695165
30/06/1997,5.733369,6.024725,6.167826,6.257194,6.325083,6.382674,6.433886,6.480033,6.521456,6.558127
31/07/1997,5.535604,5.65376,5.724682,5.782941,5.837437,5.889743,5.939567,5.986256,6.029179,6.067805
29/08/1997,5.69845,5.915614,6.024768,6.100347,6.16455,6.223459,6.278362,6.329206,6.375618,6.417208
30/09/1997,5.595867,5.748311,5.837531,5.907903,5.970775,6.029038,6.083212,6.133164,6.178593,6.219184
31/10/1997,5.499484,5.596959,5.642917,5.681587,5.722296,5.765185,5.808577,5.850816,5.890606,5.926982
28/11/1997,5.645195,5.734574,5.758036,5.768924,5.781142,5.796969,5.8156,5.835618,5.855664,5.874579
31/12/1997,5.557905,5.615289,5.633816,5.647218,5.663404,5.68299,5.704818,5.72749,5.749742,5.77051
30/01/1998,5.321577,5.30095,5.299297,5.32266,5.363042,5.41243,5.465186,5.517702,5.567722,5.613831
27/02/1998,5.472773,5.503242,5.514303,5.531321,5.556657,5.587687,5.621498,5.655798,5.688909,5.71961
31/03/1998,5.489297,5.558032,5.579072,5.595154,5.615475,5.640188,5.667536,5.695699,5.723173,5.748782
30/04/1998,5.460179,5.550257,5.566636,5.581887,5.608444,5.644237,5.68507,5.72744,5.76886,5.807641
29/05/1998,5.464069,5.502664,5.508822,5.520263,5.541253,5.569173,5.600799,5.633553,5.665551,5.695436
30/06/1998,5.415893,5.471285,5.462497,5.452201,5.452471,5.462486,5.479041,5.499151,5.520492,5.541331
31/07/1998,5.388977,5.464008,5.472281,5.473081,5.479822,5.493303,5.511497,5.53217,5.55346,5.57391
31/08/1998,5.052541,4.989628,4.951965,4.947869,4.967778,5.001775,5.042746,5.086055,5.128747,5.168929
30/09/1998,4.518215,4.375788,4.289851,4.274142,4.307143,4.367725,4.441301,4.518847,4.595034,4.666792
30/10/1998,4.404682,4.306599,4.266559,4.296056,4.371545,4.47084,4.579036,4.687216,4.790366,4.885806
30/11/1998,4.623113,4.588118,4.572323,4.589838,4.631259,4.685903,4.746079,4.806884,4.86532,4.919573
31/12/1998,4.603335,4.583082,4.58098,4.610693,4.662773,4.726651,4.794801,4.862492,4.926883,4.986299
29/01/1999,4.637677,4.608843,4.563396,4.562552,4.601094,4.663669,4.737812,4.815318,4.891191,4.962507
26/02/1999,4.988777,5.122583,5.169043,5.21072,5.262085,5.321033,5.383097,5.444654,5.503255,5.557339
31/03/1999,4.842632,4.991529,5.060457,5.127119,5.203231,5.28534,5.368438,5.448794,5.524055,5.59285
30/04/1999,4.89656,5.060405,5.121814,5.177879,5.244996,5.320276,5.398321,5.474918,5.547334,5.613927
27/05/1999,5.116008,5.395373,5.517539,5.593513,5.656024,5.713741,5.768303,5.819478,5.86666,5.909278
30/06/1999,5.237793,5.47862,5.571478,5.641791,5.715988,5.795065,5.875254,5.953082,6.026183,6.093114
30/07/1999,5.301738,5.580865,5.714134,5.805508,5.884291,5.957612,6.026488,6.0905,6.149064,6.201714
31/08/1999,5.480257,5.700591,5.795434,5.870734,5.948384,6.029012,6.109363,6.186492,6.258416,6.323935
30/09/1999,5.380177,5.589374,5.679812,5.758135,5.843582,5.934355,6.025613,6.113516,6.195619,6.270525
29/10/1999,5.551761,5.760416,5.833445,5.892677,5.961151,6.037611,6.116921,6.194813,6.268463,6.336168
30/11/1999,5.780491,5.943249,5.984883,6.025247,6.083297,6.154516,6.231627,6.309049,6.383177,6.451853
31/12/1999,5.995166,6.178589,6.237464,6.289561,6.354326,6.428759,6.506898,6.584065,6.657223,6.724558
31/01/2000,6.277164,6.541492,6.607349,6.622927,6.630434,6.640289,6.653702,6.669514,6.68619,6.702353
29/02/2000,6.249959,6.44666,6.519096,6.544818,6.552802,6.554657,6.554975,6.555314,6.555882,6.556297
31/03/2000,6.332135,6.407278,6.352501,6.287543,6.238882,6.207944,6.190657,6.182665,6.180425,6.181254
28/04/2000,6.465389,6.580088,6.547133,6.489472,6.438837,6.400854,6.37415,6.355939,6.343536,6.33469
31/05/2000,6.620431,6.653693,6.579302,6.509221,6.461862,6.434816,6.422293,6.419161,6.421544,6.42662
30/06/2000,6.381126,6.340953,6.249657,6.184195,6.150433,6.140276,6.145235,6.158925,6.176931,6.19625
31/07/2000,6.358023,6.274645,6.197205,6.14471,6.113937,6.098729,6.093861,6.09543,6.100584,6.107218
31/08/2000,6.258415,6.1104,6.003175,5.937871,5.902863,5.887753,5.88511,5.889874,5.898581,5.908804
29/09/2000,6.173277,5.937811,5.82109,5.782529,5.7893,5.820496,5.863632,5.911366,5.959352,6.00498
31/10/2000,6.192311,5.907071,5.784766,5.744093,5.74433,5.765063,5.795612,5.830079,5.865017,5.898302
30/11/2000,5.940621,5.621277,5.469054,5.412011,5.407288,5.430346,5.467248,5.509997,5.553902,5.596146
29/12/2000,5.443578,5.142921,5.030471,5.013425,5.043868,5.096762,5.158824,5.22287,5.284925,5.342753
31/01/2001,4.729641,4.663942,4.725082,4.825319,4.933409,5.038074,5.135338,5.223928,5.303565,5.374331
28/02/2001,4.53928,4.458985,4.519514,4.62446,4.739101,4.850682,4.954604,5.049349,5.134567,5.210347
30/03/2001,4.166975,4.209052,4.346269,4.506383,4.664096,4.810805,4.944053,5.06362,5.170043,5.264068
30/04/2001,4.06716,4.325857,4.572478,4.790119,4.979194,5.143411,5.286513,5.411556,5.520884,5.616274
31/05/2001,3.827702,4.254063,4.575556,4.828325,5.034807,5.207998,5.355799,5.483255,5.593725,5.689532
29/06/2001,3.880025,4.282714,4.595692,4.844886,5.049032,5.220125,5.365883,5.491365,5.599974,5.694058
31/07/2001,3.495922,3.812114,4.128964,4.399397,4.623574,4.810092,4.967102,5.100747,5.215361,5.313972
31/08/2001,3.333384,3.661019,3.982431,4.255059,4.480806,4.668744,4.827119,4.962066,5.077907,5.177659
28/09/2001,2.487735,2.891904,3.317623,3.694509,4.015164,4.286654,4.517699,4.715644,4.886128,5.033392
31/10/2001,2.028406,2.474925,2.945401,3.350213,3.684298,3.959766,4.189302,4.382827,4.54753,4.688543
30/11/2001,2.087707,2.834639,3.421625,3.873377,4.226761,4.50987,4.74183,4.935327,5.098818,5.238054
31/12/2001,2.104902,3.037719,3.716595,4.204933,4.565285,4.840282,5.056994,5.232376,5.377138,5.49818
31/01/2002,2.275529,3.11825,3.737388,4.189844,4.52914,4.791922,5.001653,5.17316,5.315901,5.436032
28/02/2002,2.198793,3.011198,3.59815,4.03421,4.370688,4.639179,4.859167,5.042938,5.198466,5.3311
28/03/2002,2.741587,3.675284,4.277042,4.693708,5.000547,5.237823,5.428163,5.584879,5.716141,5.827168
30/04/2002,2.311906,3.21227,3.834636,4.275727,4.601628,4.852353,5.051937,5.215028,5.350767,5.46502
31/05/2002,2.332776,3.151446,3.703104,4.111876,4.434867,4.700247,4.923486,5.113951,5.277779,5.419234
28/06/2002,2.068693,2.82864,3.401796,3.842453,4.191658,4.475917,4.712228,4.911701,5.081804,5.227714
31/07/2002,1.719383,2.209107,2.748027,3.22632,3.630862,3.970719,4.257762,4.502075,4.711406,4.891573
30/08/2002,1.729285,2.098465,2.525839,2.93189,3.296444,3.617524,3.898565,4.144169,4.358742,4.546119
30/09/2002,1.491633,1.696569,2.03189,2.398298,2.754587,3.084491,3.382852,3.649382,3.885807,4.094554
31/10/2002,1.38604,1.680792,2.093528,2.519608,2.921168,3.285818,3.611377,3.899637,4.153745,4.377111
29/11/2002,1.530967,2.076587,2.566006,2.997417,3.375311,3.705523,3.993941,4.245933,4.466155,4.658552
31/12/2002,1.244496,1.583513,2.017468,2.447272,2.842262,3.195161,3.506871,3.780898,4.021279,4.231842
31/01/2003,1.281329,1.713027,2.205774,2.660321,3.057492,3.39982,3.694626,3.949205,4.1697,4.361046
28/02/2003,1.219111,1.517518,1.931569,2.346655,2.72816,3.068233,3.367927,3.630917,3.861315,4.062936
31/03/2003,1.166862,1.528997,1.98902,2.433923,2.834153,3.185896,3.492875,3.760431,3.993694,4.197107
30/04/2003,1.156713,1.520498,2.007399,2.471287,2.879266,3.230627,3.532404,3.792285,4.016854,4.21139
30/05/2003,1.133821,1.316756,1.625795,1.974185,2.320298,2.645432,2.94236,3.209399,3.447405,3.658283
30/06/2003,1.02891,1.31759,1.706971,2.104939,2.478218,2.816352,3.117882,3.384747,3.619982,3.826774
31/07/2003,1.255738,1.806652,2.385701,2.910044,3.365904,3.758279,4.09601,4.38753,4.63991,4.858863
29/08/2003,1.299158,1.931088,2.534532,3.048691,3.476701,3.833753,4.134287,4.389613,4.608151,4.796136
30/09/2003,1.078648,1.467981,1.961028,2.433125,2.853795,3.220649,3.538914,3.815072,4.05504,4.263792
31/10/2003,1.274706,1.837381,2.385978,2.868599,3.282526,3.636354,3.939814,4.201264,4.427384,4.62342
28/11/2003,1.434975,2.042469,2.56258,3.005512,3.38417,3.709567,3.990561,4.23416,4.445893,4.630147
31/12/2003,1.2425,1.813112,2.361773,2.838624,3.2437,3.5875,3.880854,4.132689,4.349937,4.537927
30/01/2004,1.265525,1.820221,2.343222,2.796889,3.183266,3.512343,3.794049,4.036539,4.246172,4.427864
27/02/2004,1.157659,1.633667,2.151637,2.614239,3.008538,3.342088,3.625415,3.867665,4.075981,4.255801
31/03/2004,1.161709,1.566342,2.012264,2.433262,2.811775,3.146062,3.439395,3.696252,3.921011,4.11755
30/04/2004,1.62049,2.332139,2.873406,3.306645,3.66496,3.967294,4.225641,4.448194,4.640846,4.808
28/05/2004,1.846386,2.550721,3.076579,3.495186,3.840943,4.132723,4.382199,4.597245,4.783493,4.945139
30/06/2004,2.069892,2.696466,3.155271,3.525178,3.837331,4.106062,4.33951,4.543159,4.721093,4.876519
30/07/2004,2.091643,2.674199,3.098021,3.443475,3.739044,3.996485,4.222106,4.420195,4.594082,4.746485
31/08/2004,1.972575,2.387457,2.737465,3.053207,3.340156,3.59912,3.831016,4.037413,4.220245,4.381528
30/09/2004,2.227648,2.600152,2.888753,3.152348,3.399747,3.629413,3.839439,4.029192,4.19907,4.350045
29/10/2004,2.250772,2.540521,2.805513,3.063333,3.309885,3.539779,3.750068,3.939911,4.109725,4.260536
30/11/2004,2.663889,3.027148,3.27622,3.498474,3.709649,3.908964,4.09374,4.262377,4.414438,4.550239
31/12/2004,2.770954,3.063149,3.258135,3.440706,3.622575,3.79978,3.967455,4.122547,4.263659,4.390452
31/01/2005,2.973424,3.255804,3.411294,3.544939,3.677218,3.807819,3.933197,4.050556,4.158287,4.255656
28/02/2005,3.253504,3.583507,3.742863,3.862767,3.974899,4.083864,4.18825,4.286134,4.376188,4.457689
31/03/2005,3.428514,3.784896,3.937329,4.04371,4.142946,4.241121,4.336749,4.42752,4.511731,4.588365
29/04/2005,3.38736,3.623189,3.711018,3.781509,3.860229,3.946423,4.034969,4.121548,4.203316,4.278586
31/05/2005,3.387225,3.56966,3.616411,3.656363,3.712224,3.780957,3.855853,3.931528,4.004422,4.072359
30/06/2005,3.505738,3.619731,3.631575,3.648802,3.687207,3.74143,3.803885,3.868777,3.932284,3.992027
29/07/2005,3.857455,4.01133,4.038117,4.054687,4.084074,4.125417,4.17368,4.224416,4.27447,4.321753
31/08/2005,3.753402,3.807158,3.796813,3.799999,3.825352,3.866481,3.916108,3.968831,4.021069,4.070537
30/09/2005,4.101037,4.132669,4.128295,4.142015,4.17521,4.220786,4.2723,4.325254,4.376733,4.424888
31/10/2005,4.326754,4.400991,4.390479,4.388792,4.408948,4.445567,4.49145,4.541057,4.590659,4.637848
30/11/2005,4.381184,4.399408,4.359874,4.34457,4.359593,4.395615,4.443231,4.495687,4.548587,4.599166
30/12/2005,4.400685,4.381944,4.328944,4.298649,4.294419,4.30875,4.33418,4.365218,4.398134,4.430438
31/01/2006,4.552636,4.498829,4.452399,4.433212,4.436536,4.454473,4.480695,4.510801,4.541829,4.571776
28/02/2006,4.685333,4.657939,4.609783,4.575196,4.557419,4.552726,4.556855,4.566344,4.578581,4.591616
31/03/2006,4.824553,4.810221,4.772804,4.755733,4.760476,4.780338,4.808943,4.841638,4.875254,4.907662
28/04/2006,4.87995,4.837146,4.813719,4.822753,4.855297,4.901215,4.95317,5.006425,5.058026,5.106142
31/05/2006,5.039787,5.003235,4.957809,4.943409,4.956894,4.988299,5.029294,5.074168,5.119234,5.162143
30/06/2006,5.208423,5.129447,5.051643,5.013334,5.00894,5.026651,5.05689,5.093122,5.131107,5.168121
31/07/2006,5.063169,4.933545,4.852767,4.822147,4.826029,4.850406,4.885634,4.925551,4.966291,5.005409
31/08/2006,4.946651,4.739478,4.640634,4.607405,4.611494,4.635794,4.670229,4.70883,4.747979,4.785418
29/09/2006,4.874143,4.657681,4.548634,4.508008,4.5074,4.528918,4.561807,4.599628,4.638464,4.675869
31/10/2006,4.876634,4.654793,4.539027,4.492402,4.486839,4.504327,4.533924,4.569029,4.605598,4.641092
30/11/2006,4.81565,4.56684,4.42918,4.367722,4.352757,4.364463,4.39057,4.42361,4.459001,4.49387
29/12/2006,4.951814,4.773092,4.66261,4.611663,4.600425,4.612959,4.638615,4.670643,4.704789,4.738344
31/01/2007,5.000599,4.868936,4.782328,4.74065,4.730408,4.739602,4.759857,4.785682,4.813502,4.840952
28/02/2007,4.836304,4.59931,4.47708,4.430128,4.427735,4.450091,4.485189,4.525846,4.567722,4.608143
30/03/2007,4.829481,4.587149,4.475647,4.445503,4.461458,4.501675,4.553306,4.608888,4.664068,4.716276
30/04/2007,4.838873,4.572277,4.452735,4.419098,4.432719,4.47088,4.52056,4.5743,4.627771,4.678416
31/05/2007,4.967528,4.881641,4.807054,4.771644,4.768258,4.785474,4.814324,4.848734,4.884753,4.919821
29/06/2007,4.912894,4.845162,4.815241,4.820097,4.847492,4.88729,4.932706,4.979461,5.024878,5.067261
31/07/2007,4.734166,4.52758,4.475334,4.494015,4.544663,4.608448,4.675962,4.742334,4.804956,4.86239
31/08/2007,4.289054,4.14776,4.107849,4.138887,4.209906,4.299785,4.395835,4.490848,4.580868,4.663793
28/09/2007,4.023833,3.951384,3.979971,4.064604,4.175135,4.293998,4.411644,4.523119,4.625989,4.719171
31/10/2007,4.024327,3.90312,3.90896,3.981404,4.084457,4.198214,4.312103,4.420673,4.521225,4.612517
30/11/2007,3.186631,3.023613,3.087016,3.240547,3.423954,3.610404,3.788098,3.952144,4.100859,4.234046
31/12/2007,3.204001,3.017418,3.076109,3.236039,3.431362,3.631888,3.823985,4.001837,4.163344,4.308165
31/01/2008,2.134569,2.137058,2.314867,2.565378,2.83616,3.101665,3.350292,3.57747,3.782084,3.964645
29/02/2008,1.612725,1.609149,1.877583,2.221269,2.568005,2.892075,3.185634,3.447738,3.680017,3.884919
31/03/2008,1.472852,1.59825,1.824019,2.117218,2.436843,2.755173,3.056963,3.335103,3.58712,3.812988
30/04/2008,1.900312,2.203043,2.496134,2.781023,3.050243,3.298517,3.523715,3.725788,3.905769,4.065146
30/05/2008,2.243373,2.593391,2.911422,3.199382,3.457709,3.68779,3.891781,4.072089,4.231044,4.370753
30/06/2008,2.289016,2.589274,2.870163,3.13238,3.37309,3.59096,3.786285,3.960274,4.114496,4.250571
31/07/2008,2.187307,2.465649,2.739749,3.009397,3.266114,3.503965,3.720369,3.914951,4.088498,4.242307
29/08/2008,2.132231,2.33156,2.566672,2.821835,3.077707,3.321759,3.547651,3.752941,3.93732,4.101531
30/09/2008,1.787736,1.971747,2.286027,2.634157,2.974699,3.291024,3.577655,3.834026,4.061625,4.262675
31/10/2008,1.319083,1.380124,1.804408,2.334803,2.86964,3.3703,3.824133,4.229231,4.587998,4.904365
28/11/2008,0.764209,0.753841,1.064399,1.486097,1.927789,2.350849,2.740223,3.091497,3.404983,3.682966
31/12/2008,0.380441,0.554934,0.860211,1.207663,1.554193,1.880379,2.17865,2.447156,2.686666,2.899047
30/01/2009,0.544761,0.802098,1.17239,1.583785,1.993585,2.380152,2.734285,3.05341,3.338214,3.590831
27/02/2009,0.721953,0.946102,1.307837,1.716792,2.125117,2.510023,2.862224,3.17928,3.462002,3.712609
31/03/2009,0.575143,0.764809,1.054537,1.393086,1.741404,2.076886,2.38851,2.672016,2.926734,3.153739
30/04/2009,0.517693,0.901834,1.310914,1.724007,2.120199,2.487437,2.820834,3.11975,3.385695,3.621095
29/05/2009,0.481884,0.892028,1.389798,1.887456,2.351132,2.769967,3.142783,3.472247,3.76231,4.017111
30/06/2009,0.539587,1.069864,1.625382,2.131863,2.575111,2.958693,3.290255,3.577402,3.826654,4.043362
31/07/2009,0.531317,1.092448,1.638151,2.127094,2.553999,2.924148,3.24499,3.52357,3.765897,3.976926
31/08/2009,0.432687,0.947944,1.491338,1.98919,2.4265,2.805991,3.134693,3.419798,3.667565,3.883172
30/09/2009,0.403346,0.906724,1.433098,1.913664,2.335049,2.700401,3.016738,3.291092,3.529522,3.737016
30/10/2009,0.374415,0.886695,1.419069,1.909431,2.343704,2.723314,3.053994,3.342032,3.593128,3.812142
30/11/2009,0.262552,0.62502,1.100382,1.578216,2.020919,2.418264,2.770161,3.080004,3.352102,3.590691
31/12/2009,0.531092,1.123448,1.702698,2.22331,2.678674,3.073852,3.4165,3.714012,3.97277,4.198079
29/01/2010,0.308862,0.797958,1.365801,1.902084,2.379162,2.795608,3.157337,3.47151,3.744719,3.98257
26/02/2010,0.331955,0.780889,1.326941,1.855794,2.334222,2.756709,3.126647,3.449758,3.731856,3.978159
31/03/2010,0.421246,0.979313,1.579471,2.124766,2.59791,3.003933,3.352449,3.652637,3.912134,4.137056
30/04/2010,0.439412,0.928425,1.492535,2.014197,2.469282,2.860428,3.196302,3.485613,3.735701,3.952456
28/05/2010,0.395314,0.764802,1.261952,1.744351,2.175449,2.551377,2.877261,3.15981,3.405199,3.618615
30/06/2010,0.335779,0.591504,1.00237,1.430384,1.830348,2.189972,2.508488,2.788886,3.035087,3.250935
30/07/2010,0.313598,0.488726,0.83876,1.241813,1.643142,2.019499,2.362384,2.670083,2.943869,3.1862
31/08/2010,0.294577,0.435674,0.714805,1.041439,1.371185,1.683657,1.970586,2.229608,2.461121,2.666703
30/09/2010,0.279884,0.379946,0.641665,0.972176,1.318772,1.654427,1.966719,2.250971,2.506401,2.73407
29/10/2010,0.251612,0.283638,0.517811,0.8556,1.230358,1.60424,1.95813,2.283639,2.578114,2.841801
30/11/2010,0.303779,0.442167,0.736253,1.099833,1.479642,1.847195,2.189089,2.500214,2.779721,3.028801
31/12/2010,0.289266,0.577791,1.060019,1.553368,2.005004,2.404156,2.752998,3.057025,3.321985,3.553001
31/01/2011,0.274614,0.537574,0.994458,1.486052,1.954638,2.381337,2.762304,3.099371,3.396285,3.657188
28/02/2011,0.269274,0.644719,1.170177,1.680774,2.135353,2.530035,2.870867,3.165469,3.420719,3.64232
31/03/2011,0.317155,0.761128,1.299295,1.803813,2.24661,2.628464,2.957053,3.240508,3.485803,3.698582
29/04/2011,0.228763,0.56314,1.038996,1.523648,1.973396,2.37665,2.733253,3.046827,3.321912,3.56293
31/05/2011,0.201452,0.426319,0.811779,1.242361,1.666103,2.061145,2.419814,2.740957,3.02627,3.278537
30/06/2011,0.219955,0.46613,0.863273,1.307343,1.746987,2.158961,2.534378,2.871358,3.171249,3.436725
29/07/2011,0.270532,0.3281,0.583155,0.940318,1.333174,1.723648,2.092483,2.431295,2.737528,3.01157
31/08/2011,0.143753,0.183892,0.369508,0.646974,0.963801,1.285965,1.594807,1.881374,2.142217,2.376802
30/09/2011,0.180027,0.278968,0.458694,0.691714,0.945729,1.199064,1.439767,1.662175,1.864204,2.045668
31/10/2011,0.168698,0.236584,0.438563,0.71286,1.012907,1.311139,1.593323,1.853094,2.088365,2.299229
30/11/2011,0.162843,0.239328,0.434162,0.694698,0.978849,1.261185,1.528426,1.774574,1.997622,2.197611
30/12/2011,0.156785,0.236873,0.400763,0.623438,0.871439,1.121607,1.360883,1.582888,1.785099,1.967063
31/01/2012,0.168982,0.185893,0.300535,0.497156,0.736448,0.988493,1.235399,1.467781,1.681374,1.874759
29/02/2012,0.224677,0.292454,0.438308,0.651758,0.898885,1.153535,1.400145,1.630701,1.841725,2.032244
30/03/2012,0.245185,0.348111,0.539456,0.795399,1.079139,1.364663,1.637246,1.889741,2.119409,2.325871
30/04/2012,0.223332,0.264445,0.395447,0.602901,0.849432,1.106426,1.356807,1.591699,1.80715,2.001944
31/05/2012,0.248855,0.278281,0.364982,0.512783,0.695251,0.889698,1.081858,1.263919,1.432093,1.584882
29/06/2012,0.270566,0.320626,0.418328,0.573921,0.762861,0.962984,1.160176,1.346689,1.518788,1.67503
31/07/2012,0.195817,0.211017,0.290898,0.43671,0.619923,0.816507,1.011415,1.196405,1.367462,1.52298
31/08/2012,0.209642,0.209955,0.285482,0.434917,0.62625,0.832956,1.038506,1.23386,1.414617,1.579017
28/09/2012,0.21693,0.221165,0.295388,0.447186,0.644563,0.859458,1.074044,1.278465,1.467875,1.640302
31/10/2012,0.235427,0.278299,0.379623,0.545216,0.747062,0.96088,1.171419,1.370391,1.55385,1.720317
30/11/2012,0.232414,0.238499,0.312533,0.460483,0.651584,0.859087,1.066041,1.263087,1.445617,1.611756
31/12/2012,0.207953,0.247573,0.354496,0.531154,0.746517,0.974399,1.198519,1.410102,1.605022,1.781782
31/01/2013,0.188254,0.258539,0.412226,0.634422,0.889789,1.151789,1.404826,1.640966,1.856837,2.05157
28/02/2013,0.20053,0.231362,0.347402,0.543013,0.781456,1.033219,1.280295,1.513124,1.727304,1.921331
28/03/2013,0.192359,0.239506,0.356119,0.546353,0.777469,1.021603,1.261416,1.487596,1.695802,1.884509
30/04/2013,0.165595,0.200032,0.299823,0.470146,0.680401,0.904246,1.12516,1.334164,1.526979,1.702001
31/05/2013,0.173335,0.312896,0.517647,0.772074,1.046244,1.318522,1.576677,1.81489,2.03107,2.225115
28/06/2013,0.185586,0.374192,0.708097,1.065496,1.404607,1.712695,1.987652,2.231112,2.445829,2.634699
31/07/2013,0.131022,0.310965,0.646949,1.02053,1.384501,1.721159,2.025228,2.29661,2.53724,2.749713
30/08/2013,0.139645,0.410053,0.829693,1.251811,1.635456,1.973392,2.268358,2.52539,2.74947,2.944916
30/09/2013,0.117015,0.32415,0.669536,1.046967,1.413059,1.75127,2.056661,2.329225,2.57092,2.784349
31/10/2013,0.135308,0.303868,0.616657,0.974598,1.33146,1.666966,1.97341,2.249027,2.494724,2.712502
29/11/2013,0.143955,0.273568,0.603269,0.997123,1.394456,1.769361,2.112076,2.420258,2.69485,2.938136
31/12/2013,0.130532,0.372661,0.837542,1.317847,1.755599,2.140019,2.474113,2.764041,3.015922,3.235028
31/01/2014,0.115759,0.329224,0.727192,1.141169,1.522103,1.859599,2.155096,2.413064,2.638228,2.834784
28/02/2014,0.104638,0.320721,0.730868,1.151024,1.531609,1.864468,2.153057,2.403184,2.620361,2.809212
31/03/2014,0.098616,0.420368,0.916668,1.374083,1.754886,2.066009,2.321779,2.534688,2.714032,2.866438
30/04/2014,0.078128,0.40533,0.892469,1.339169,1.71076,2.014511,2.264454,2.472722,2.648317,2.79765
30/05/2014,0.079474,0.36829,0.806542,1.213828,1.556913,1.840584,2.076317,2.274351,2.442414,2.586073
30/06/2014,0.109362,0.438115,0.890618,1.299758,1.63897,1.916333,2.144952,2.335862,2.49716,2.634569
31/07/2014,0.110955,0.533659,1.042218,1.468889,1.800767,2.057324,2.258984,2.421016,2.553809,2.664233
29/08/2014,0.106145,0.513103,0.980867,1.367212,1.664831,1.89334,2.072106,2.215306,2.332438,2.4297
30/09/2014,0.135233,0.602667,1.107164,1.514847,1.824547,2.059701,2.241938,2.386755,2.504426,2.601601
31/10/2014,0.133311,0.523391,0.981611,1.365402,1.664711,1.897107,2.080708,2.228993,2.351091,2.453022
28/11/2014,0.143671,0.481595,0.901724,1.25678,1.53388,1.748708,1.918129,2.05477,2.167175,2.260943
31/12/2014,0.271263,0.691487,1.11502,1.443418,1.683536,1.859435,1.991509,2.093761,2.17513,2.241169
30/01/2015,0.192738,0.477444,0.775609,1.021954,1.216451,1.370959,1.496323,1.600273,1.687898,1.762464
27/02/2015,0.256431,0.649688,1.02556,1.318357,1.537357,1.702745,1.831028,1.933448,2.017183,2.086719
31/03/2015,0.274713,0.569071,0.902553,1.183074,1.404978,1.580465,1.721843,1.838178,1.935556,2.017942
30/04/2015,0.256726,0.592637,0.937957,1.227845,1.461421,1.65039,1.805862,1.93601,2.046408,2.140783
29/05/2015,0.277628,0.617998,0.971715,1.27126,1.514457,1.712426,1.876054,2.013472,2.130296,2.230328
30/06/2015,0.296353,0.646561,1.046078,1.389418,1.667124,1.891011,2.074055,2.226222,2.354472,2.463537
31/07/2015,0.328757,0.662506,1.023746,1.329482,1.575177,1.772751,1.934226,2.068581,2.181968,2.278505
31/08/2015,0.422606,0.756025,1.089079,1.371735,1.603861,1.795285,1.955366,2.091093,2.207335,2.307428
30/09/2015,0.339581,0.640577,0.934054,1.191576,1.412241,1.601368,1.76451,1.906126,2.029544,2.137215
30/10/2015,0.441498,0.748149,1.068277,1.342267,1.567242,1.752318,1.906691,2.037306,2.148997,2.245056
30/11/2015,0.660927,0.949361,1.239947,1.487855,1.692393,1.861843,2.004185,2.125371,2.229519,2.319427
31/12/2015,0.77112,1.061757,1.349937,1.592373,1.78996,1.952036,2.087171,2.20161,2.299587,2.383922
29/01/2016,0.624578,0.794099,0.993853,1.189234,1.369403,1.531965,1.677368,1.806865,1.9218,2.023383
29/02/2016,0.653768,0.779397,0.942318,1.107367,1.262528,1.404322,1.532332,1.647142,1.749584,1.84047
31/03/2016,0.588611,0.721798,0.896735,1.074299,1.24112,1.393332,1.530495,1.653294,1.762696,1.859653
29/04/2016,0.575108,0.75389,0.953914,1.141303,1.308711,1.456522,1.586887,1.701969,1.803539,1.892961
31/05/2016,0.703958,0.870436,1.065263,1.243942,1.399058,1.532731,1.648552,1.749566,1.837992,1.915379
30/06/2016,0.485338,0.583387,0.735518,0.889345,1.030722,1.157277,1.269848,1.369843,1.458523,1.536871
29/07/2016,0.55825,0.652521,0.787911,0.923451,1.048169,1.160301,1.260559,1.350053,1.429745,1.500363
31/08/2016,0.650219,0.802848,0.964951,1.107468,1.228285,1.331112,1.41978,1.497093,1.56489,1.624317
30/09/2016,0.647708,0.773127,0.919588,1.05967,1.186806,1.300621,1.402249,1.492926,1.573656,1.645182
31/10/2016,0.695161,0.860534,1.040704,1.208851,1.359366,1.492756,1.610879,1.715545,1.808206,1.889965
30/11/2016,0.834737,1.127932,1.435744,1.692595,1.897109,2.060619,2.193852,2.30459,2.398031,2.477562
30/12/2016,0.87561,1.186646,1.503437,1.76509,1.972294,2.13736,2.271511,2.382793,2.476551,2.556255
31/01/2017,0.853017,1.184481,1.496709,1.750867,1.95258,2.114491,2.247204,2.358141,2.452199,2.53256
28/02/2017,0.89666,1.223816,1.519254,1.753176,1.934803,2.078123,2.194145,2.290307,2.371371,2.440327
31/03/2017,1.034476,1.265914,1.541367,1.775245,1.960571,2.107167,2.22534,2.322696,2.404286,2.473345
28/04/2017,1.102328,1.26612,1.480854,1.67611,1.840841,1.978628,2.095013,2.194513,2.280304,2.354519
31/05/2017,1.17351,1.272837,1.454393,1.630154,1.782116,1.910829,2.020389,2.114549,2.196044,2.266731
30/06/2017,1.244032,1.382281,1.572149,1.746721,1.894825,2.019237,2.124739,2.215261,2.293549,2.361421
31/07/2017,1.223625,1.345308,1.524733,1.696875,1.848048,1.978545,2.091473,2.189771,2.275649,2.350661
31/08/2017,1.219466,1.312467,1.454113,1.593914,1.719902,1.831123,1.929171,2.015783,2.092313,2.159712
29/09/2017,1.319356,1.470017,1.643966,1.800251,1.933505,2.046839,2.144215,2.228724,2.302476,2.366848
31/10/2017,1.427005,1.58606,1.751717,1.895415,2.01588,2.117473,2.204446,2.27985,2.345662,2.403108
30/11/2017,1.617543,1.780684,1.925736,2.044588,2.141844,2.223177,2.292798,2.353382,2.406497,2.453007
29/12/2017,1.742063,1.875183,2.001969,2.104868,2.186779,2.25348,2.309487,2.357656,2.399598,2.43613
31/01/2018,1.894193,2.134032,2.311388,2.434603,2.52094,2.584002,2.632524,2.67162,2.70409,2.731365
28/02/2018,2.032004,2.252859,2.427481,2.555657,2.650233,2.722582,2.780349,2.828147,2.868576,2.903017
29/03/2018,2.086244,2.262649,2.396601,2.492028,2.560943,2.613091,2.654722,2.689415,2.719039,2.744453
30/04/2018,2.238305,2.476989,2.630923,2.729077,2.793683,2.838836,2.872701,2.899707,2.922087,2.940836
31/05/2018,2.227284,2.404568,2.532956,2.620648,2.681458,2.725877,2.760432,2.788773,2.812748,2.833157
29/06/2018,2.309048,2.51458,2.61789,2.680669,2.725736,2.762405,2.794556,2.823694,2.850231,2.874081
31/07/2018,2.426274,2.656463,2.751085,2.799935,2.833243,2.861285,2.887358,2.912231,2.935738,2.957391
31/08/2018,2.440024,2.61416,2.680027,2.713925,2.739426,2.763476,2.787644,2.811775,2.83519,2.857111
28/09/2018,2.602542,2.795738,2.867162,2.903007,2.929522,2.954365,2.979265,3.004081,3.028124,3.050605
31/10/2018,2.67898,2.85627,2.914954,2.948128,2.979589,3.013691,3.049783,3.086283,3.121711,3.154883
30/11/2018,2.697612,2.790232,2.812916,2.827608,2.84787,2.874259,2.904572,2.936514,2.968236,2.998338
31/12/2018,2.566495,2.479216,2.459266,2.472895,2.503119,2.541128,2.582117,2.623283,2.662862,2.69967
31/01/2019,2.504488,2.440545,2.413986,2.416453,2.437218,2.468291,2.50441,2.542183,2.57938,2.614493
28/02/2019,2.523669,2.500052,2.498118,2.51435,2.54219,2.576425,2.613485,2.650973,2.687236,2.721096
29/03/2019,2.366176,2.262374,2.221034,2.217672,2.235935,2.265826,2.301339,2.338786,2.375815,2.410857
30/04/2019,2.348497,2.249628,2.228112,2.24622,2.283943,2.330616,2.380409,2.430001,2.477396,2.521333
31/05/2019,2.174556,1.947555,1.893237,1.903845,1.939231,1.983661,2.030491,2.076601,2.120319,2.160623
28/06/2019,1.927397,1.756084,1.712871,1.72621,1.764727,1.813892,1.866562,1.918977,1.969011,2.015375
31/07/2019,2.029362,1.888667,1.834276,1.825841,1.841809,1.870447,1.905159,1.942048,1.978678,2.013446
30/08/2019,1.748735,1.522205,1.428425,1.396617,1.395522,1.410263,1.433147,1.459823,1.487601,1.514686
30/09/2019,1.799789,1.650792,1.580858,1.556795,1.558899,1.575685,1.600363,1.628759,1.658177,1.686795
31/10/2019,1.588483,1.538253,1.511031,1.509369,1.525828,1.553252,1.586479,1.622027,1.657548,1.691429
29/11/2019,1.67128,1.637229,1.621014,1.624774,1.642805,1.669531,1.700858,1.733946,1.766818,1.798061
31/12/2019,1.616113,1.587953,1.609909,1.653047,1.704561,1.758454,1.811708,1.862647,1.910232,1.953753
31/01/2020,1.472935,1.336312,1.292272,1.294242,1.319269,1.355539,1.396672,1.439015,1.480332,1.519176
28/02/2020,1.051125,0.875943,0.848276,0.872168,0.913904,0.961092,1.008842,1.054969,1.098302,1.138089
31/03/2020,0.252188,0.270544,0.313601,0.37394,0.442995,0.514728,0.585425,0.652883,0.715793,0.77336
30/04/2020,0.175082,0.209261,0.262501,0.325016,0.390709,0.456053,0.519033,0.578451,0.63354,0.683772
29/05/2020,0.186469,0.168281,0.200005,0.258053,0.328076,0.40189,0.474958,0.54476,0.609866,0.669445
30/06/2020,0.174229,0.153155,0.182116,0.239865,0.311527,0.38808,0.464367,0.537492,0.605818,0.668413
31/07/2020,0.132324,0.106433,0.128008,0.175514,0.235498,0.300147,0.365031,0.427608,0.486372,0.540397
31/08/2020,0.147691,0.12966,0.157402,0.219332,0.299976,0.38816,0.477029,0.562643,0.642812,0.716351
30/09/2020,0.133125,0.125336,0.155535,0.214673,0.289728,0.371144,0.452997,0.531835,0.605694,0.673474
30/10/2020,0.140941,0.144301,0.20641,0.299466,0.405227,0.51318,0.617677,0.715816,0.806181,0.888142
30/11/2020,0.123516,0.134347,0.196006,0.285252,0.385967,0.488631,0.588045,0.681493,0.767618,0.845789
31/12/2020,0.115584,0.108222,0.168464,0.267296,0.383234,0.503267,0.620223,0.730384,0.831942,0.924121
29/01/2021,0.098143,0.104852,0.193467,0.324236,0.471276,0.619904,0.762461,0.895248,1.016689,1.126304
26/02/2021,0.085868,0.152587,0.340291,0.55465,0.763115,0.955291,1.128736,1.283773,1.421585,1.543521
31/03/2021,0.060539,0.151137,0.398548,0.672837,0.933033,1.168179,1.377134,1.561685,1.724246,1.867124
30/04/2021,0.061869,0.152495,0.378049,0.629498,0.870561,1.090514,1.287472,1.462454,1.617268,1.753778
28/05/2021,0.058733,0.127716,0.3291,0.564929,0.798261,1.015779,1.213441,1.39083,1.548878,1.688941
30/06/2021,0.087931,0.243022,0.466569,0.683771,0.877206,1.045916,1.19282,1.321105,1.433387,1.531656
30/07/2021,0.074198,0.182773,0.35768,0.537042,0.703197,0.852499,0.985443,1.103477,1.208053,1.300395
31/08/2021,0.077289,0.209619,0.41173,0.607528,0.780342,0.929891,1.059418,1.172179,1.270707,1.356842
30/09/2021,0.087937,0.276306,0.544733,0.788201,0.990233,1.155947,1.293361,1.409023,1.507549,1.592053
29/10/2021,0.165262,0.474835,0.773612,1.007131,1.182335,1.315279,1.419095,1.502649,1.57152,1.629114
30/11/2021,0.229102,0.536824,0.810263,1.012279,1.156501,1.261169,1.339912,1.40149,1.451175,1.492024
31/12/2021,0.407656,0.745621,0.979835,1.143921,1.26346,1.354915,1.428181,1.488994,1.540601,1.584794
31/01/2022,0.787232,1.172255,1.394821,1.533436,1.627025,1.695451,1.74903,1.793134,1.83051,1.862501
28/02/2022,1.068157,1.45847,1.61722,1.693461,1.739581,1.774282,1.804234,1.831646,1.85701,1.88016
31/03/2022,1.721664,2.318108,2.464937,2.474061,2.446902,2.415359,2.38839,2.367465,2.351721,2.339704
29/04/2022,2.129034,2.715506,2.884955,2.925997,2.931201,2.929499,2.929074,2.931412,2.935937,2.941554
31/05/2022,2.059402,2.52121,2.709171,2.791087,2.83069,2.853087,2.868427,2.880742,2.891447,2.900801
30/06/2022,2.835968,2.981544,2.991121,2.98565,2.989084,3.002966,3.024214,3.049546,3.076356,3.102719
29/07/2022,2.945258,2.906254,2.822315,2.753904,2.709374,2.684512,2.673565,2.671731,2.675398,2.681911
31/08/2022,3.390854,3.462781,3.425108,3.366262,3.312069,3.26838,3.234965,3.209942,3.19117,3.176676
30/09/2022,4.211923,4.287751,4.219707,4.130243,4.051911,3.990298,3.943633,3.908641,3.882172,3.861562
31/10/2022,4.603882,4.532196,4.403963,4.303508,4.239006,4.202579,4.185315,4.180269,4.182489,4.188506
30/11/2022,4.663207,4.353044,4.104163,3.932147,3.819965,3.749063,3.705471,3.679578,3.664876,3.656913
30/12/2022,4.704816,4.435146,4.220221,4.07306,3.978475,3.920082,3.885554,3.866388,3.856803,3.852819
31/01/2023,4.661628,4.206868,3.895366,3.701684,3.588084,3.525464,3.494428,3.482575,3.481978,3.487493
28/02/2023,5.065618,4.780889,4.471195,4.251469,4.115467,4.038692,4.000213,3.98538,3.984517,3.991307
31/03/2023,4.535088,4.078569,3.813541,3.661955,3.577452,3.532944,3.51246,3.506328,3.508474,3.514933
28/04/2023,4.670526,4.075006,3.747585,3.572258,3.483394,3.444009,3.433004,3.438041,3.45167,3.469236
31/05/2023,5.036484,4.397342,4.024278,3.817017,3.708787,3.658721,3.642471,3.645502,3.65899,3.677445
30/06/2023,5.321166,4.866211,4.482624,4.222963,4.059379,3.960422,3.902917,3.87142,3.855883,3.849741
31/07/2023,5.282505,4.853024,4.501485,4.266249,4.121942,4.03885,3.994715,3.974626,3.968896,3.971227
31/08/2023,5.269578,4.821625,4.506757,4.308895,4.19225,4.12773,4.095594,4.083123,4.082177,4.087473
29/09/2023,5.359961,5.013729,4.766186,4.628392,4.567714,4.554688,4.569113,4.59821,4.63408,4.671852
31/10/2023,5.324254,5.019916,4.857451,4.788349,4.77474,4.79218,4.825876,4.867024,4.910357,4.952673
30/11/2023,5.088974,4.67661,4.440564,4.325535,4.284422,4.285836,4.310486,4.346802,4.387845,4.429407
29/12/2023,4.709001,4.210916,3.973917,3.865865,3.82424,3.817792,3.83006,3.8519,3.877955,3.904929